x_t,y_t,x_act,y_act,x_t+1,y_t+1
0.48692050683,-1.74990370324,-0.0447681432645,-0.0222668666104,0.531688650094,-1.72763683663
-0.435321069145,0.847104739494,0.00132615919878,-0.0499824099237,-0.436647228344,0.897087149418
0.211854696696,0.478973018182,0.0497776342325,-0.00471032166748,0.162077062463,0.483683339849
0.75380395921,-0.0829489908319,-0.00283297348532,0.0499196780962,0.756636932696,-0.132868668928
-0.833638629924,-0.375274191793,-0.0489384038298,0.0102485428519,-0.784700226094,-0.385522734644
0.408013876984,-1.68861472949,-0.0254974542298,0.0430102293391,0.433511331214,-1.73162495883
-0.873506183223,-1.01062645596,0.0269741690886,-0.0420998123746,-0.900480352312,-0.968526643581
-0.356357431595,0.660737959845,-0.0495498339528,-0.00669432261312,-0.306807597642,0.667432282458
-0.0402690237338,-0.708455196359,0.0220979594569,-0.0448517579125,-0.0623669831908,-0.663603438446
0.207385272144,0.800094648227,-0.0442848869608,-0.0232131166987,0.251670159105,0.823307764926
0.586525919498,1.063508913,-0.0163471730095,-0.0472521950241,0.602873092507,1.11076110802
-0.111759855933,0.674336370235,0.0410490754154,0.0285477390968,-0.152808931349,0.645788631138
0.462546646379,-1.68060554867,0.0179806014199,-0.0466550958908,0.444566044959,-1.63395045278
0.336036351512,-0.122813076669,0.018813012387,-0.0463257009113,0.317223339125,-0.076487375758
-0.418266684742,-0.303529373292,-0.0499997618458,0.000154322263365,-0.368266922896,-0.303683695555
0.120603816616,-1.79542729847,-0.0498447159192,-0.0039375493567,0.170448532535,-1.79148974912
0.849241875387,1.34919168971,-0.0225616000367,-0.0446203339721,0.871803475423,1.39381202368
0.207360861564,0.378644139946,0.046518041499,0.0183322615926,0.160842820065,0.360311878353
-0.13559686352,0.745675601687,-0.047142095964,-0.0166620163283,-0.0884547675562,0.762337618015
-0.284655815011,0.99772909554,0.0175882963099,0.0468043997175,-0.302244111321,0.950924695823
-0.028961792195,-0.117855625203,-0.0291200420473,0.0406450876634,0.000158249852278,-0.158500712866
0.368562072733,-1.01187310829,-0.0290040314793,-0.0407279530292,0.397566104212,-0.971145155262
-0.209687036749,-0.0111926554663,-0.0116646350638,-0.0486203279383,-0.198022401685,0.037427672472
-0.0432365336915,-0.828212548777,0.0302913480714,-0.0397798219204,-0.0735278817629,-0.788432726856
0.57022216713,1.0144745034,0.0467086495588,-0.0178410217307,0.523513517572,1.03231552513
0.277029572988,-1.1381553329,-0.0497616565956,0.0048762211663,0.326791229583,-1.14303155406
0.0885545556093,0.0167238034771,-0.0234695173159,-0.0441495385815,0.112024072925,0.0608733420586
0.643106957391,-0.404869922665,0.0243439095958,-0.043673493856,0.618763047795,-0.361196428809
0.255566546142,0.66502654869,0.0362885576487,-0.0343968106629,0.219277988493,0.699423359353
0.139626587967,0.622796459268,-0.0444816852543,-0.0228337398806,0.184108273221,0.645630199149
0.409423795028,1.86731729144,0.0421269276829,-0.0269318020934,0.367296867345,1.89424909353
0.0067851187696,0.724936565973,0.0203697731487,-0.0456625923691,-0.0135846543791,0.770599158342
0.895161094672,-0.754923156268,0.00760975224639,-0.0494175239237,0.887551342426,-0.705505632344
0.958152981687,1.88586006942,0.0490613451889,-0.00964284233265,0.909091636498,1.89550291175
0.129947276462,1.23110678135,-0.0334639335077,0.0371505740762,0.163411209969,1.19395620727
0.00676078657711,-0.73500105665,0.0483681540967,-0.0126697146487,-0.0416073675196,-0.722331342001
-0.0215426751741,0.913429966364,0.0423252801008,-0.0266189906718,-0.0638679552749,0.940048957036
-0.0330105854667,0.247795646735,-0.00487432830728,0.0497618420434,-0.0281362571594,0.198033804691
-0.0949031795152,-0.0525012130727,0.0277734303594,0.0415768753765,-0.122676609875,-0.0940780884492
-0.776894066247,0.0648064644539,0.00901052354474,-0.0491814036547,-0.785904589791,0.113987868109
0.610278781335,0.673055698594,-0.0445313655109,0.0227366990949,0.654810146846,0.650318999499
0.661260379097,1.37022029256,0.00125093054652,0.0499843492782,0.660009448551,1.32023594328
-0.624102376053,-1.70754673681,0.035934850442,-0.0347661692413,-0.660037226495,-1.67278056756
0.280637984364,-1.96459087976,-0.0447319112215,0.0223395639723,0.325369895585,-1.98693044373
-0.201704131283,-1.27966040381,-0.0115812317963,0.0486402618217,-0.190122899487,-1.32830066564
0.42611816697,1.67563494996,-0.039146462191,-0.0311055380588,0.465264629162,1.70674048802
-0.506841948003,0.757088267673,0.0303564907304,0.0397301330294,-0.537198438734,0.717358134643
-0.968713991715,1.57796288095,0.0436788497778,-0.0243342984712,-1.01239284149,1.60229717943
0.396411169724,-1.13699357356,0.011113152442,-0.0487493368447,0.385298017282,-1.08824423672
-0.223118532334,-1.80194598651,-0.0457707604088,0.0201255432622,-0.177347771925,-1.82207152977
0.475163082076,-1.27465465168,-0.00058691129776,-0.0499965552326,0.475749993374,-1.22465809645
-0.346000908473,1.72942577166,0.0240312714075,-0.0438462996676,-0.37003217988,1.77327207133
-0.14900820388,-1.5589049778,0.0449066517611,-0.0219861917486,-0.193914855641,-1.53691878605
-0.0227475016751,1.16181973202,-0.03630963908,0.0343745561409,0.0135621374048,1.12744517588
-0.119042566622,0.343571986815,0.0171806689103,-0.0469555600094,-0.136223235532,0.390527546825
0.209229613663,-0.839016327502,-0.0114195719616,0.048678469329,0.220649185625,-0.887694796831
-0.573726010618,0.818571219959,-0.0409776530331,0.0286501649541,-0.532748357585,0.789921055005
0.110404144334,0.7012661487,0.0327250240207,0.0378030792773,0.0776791203132,0.663463069422
-0.341224662392,-0.512789942116,0.044681813628,-0.0224395973876,-0.38590647602,-0.490350344728
-0.11246232498,-0.188450100865,-0.0345201392058,0.0361712591599,-0.0779421857747,-0.224621360025
0.0731348413928,1.59892628186,-0.043639441207,-0.0244049005558,0.1167742826,1.62333118242
0.0426238721778,0.988807244006,-0.0340054782272,-0.0366555241476,0.076629350405,1.02546276815
0.695422458743,0.106409136182,-0.00260528949003,-0.0499320785335,0.698027748233,0.156341214716
-0.423532047151,-0.38223768676,-0.0497544114806,0.00494959980356,-0.373777635671,-0.387187286564
0.0576702762013,1.65690765337,-0.0498185564315,-0.00425575317397,0.107488832633,1.66116340654
-0.101953621148,-1.11413820449,-0.0131684433021,-0.0482347602979,-0.0887851778463,-1.06590344419
-0.940823546432,0.802363916026,-0.00965878218563,0.0490582095749,-0.931164764246,0.753305706452
0.121598736529,-1.31727090008,0.0499174145916,-0.00287258080703,0.0716813219378,-1.31439831928
0.621528737476,-0.253140928597,0.0304346623259,0.0396702826951,0.59109407515,-0.292811211292
0.133748030528,0.252264173218,-0.0420922419439,-0.0269859809556,0.175840272472,0.279250154174
-0.0810724000586,-0.559928222909,-0.0460392842952,-0.0195034433263,-0.0350331157634,-0.540424779583
-0.742840647794,-0.646450972206,0.046337950733,-0.0187828198593,-0.789178598527,-0.627668152347
0.103888331422,-0.854609232103,-0.0479791107784,-0.0140714224196,0.1518674422,-0.840537809683
0.404386019692,-0.0816617474296,-0.0431243873915,-0.0253038971724,0.447510407083,-0.0563578502573
-0.0925504198843,2.25726346922,0.0232026349866,-0.0442903796515,-0.115753054871,2.30155384888
0.0420496940926,-0.418029798138,0.0353513267661,0.0353593508973,0.00669836732651,-0.453389149036
0.0641483000515,2.02463140348,0.047176083302,0.0165655414727,0.0169722167495,2.008065862
0.898593347647,-0.787747014834,0.0113443024973,0.0486960655582,0.887249045149,-0.836443080392
-0.650568175844,1.31969828972,-0.0461826932689,0.0191613893658,-0.604385482575,1.30053690035
0.0552272254995,1.40512578461,0.013959952651,-0.0480116623539,0.0412672728485,1.45313744696
-0.146757043907,0.76848042993,0.0412017543139,-0.0283269384413,-0.187958798221,0.796807368372
0.426709490408,-0.856734461668,-0.0363655149953,-0.0343154384953,0.463075005403,-0.822419023172
0.31296426944,1.49430037742,-0.0366787696846,0.0339804039768,0.349643039125,1.46031997345
-0.000331172780359,0.24829199324,-0.0499855640029,0.00120141221533,0.0496543912225,0.247090581025
0.0903259911994,-0.106231407497,-0.00316624666672,-0.0498996481154,0.0934922378661,-0.0563317593812
0.707304375437,-1.25829839311,-0.0209809117316,0.0453850343496,0.728285287168,-1.30368342746
-0.294444372412,1.09673861252,0.0471987760466,0.0165007739124,-0.341643148459,1.0802378386
-0.395369299655,0.339961480099,-0.0250313684122,0.0432831444724,-0.370337931243,0.296678335627
0.358511639765,0.230822231432,-0.0355573007505,0.0351522170473,0.394068940516,0.195670014385
-0.245259962501,1.22411925066,-0.0499979813068,-0.000449294161096,-0.195261981194,1.22456854483
-0.624277305578,0.120280621981,-0.0138580169356,0.0480411840676,-0.610419288642,0.0722394379131
0.583268632094,0.87586878546,-0.0222711097893,0.0447660325331,0.605539741883,0.831102752927
-0.430225942478,0.464707502591,0.00392877640489,0.0498454081733,-0.434154718883,0.414862094418
-0.776587386813,-0.563891541246,0.0348171868526,-0.0358854218266,-0.811404573666,-0.52800611942
-0.13908877152,0.979795044366,-0.0290462063061,0.0406978856849,-0.110042565214,0.939097158681
0.134712377461,0.288281157499,-0.0287680801601,-0.0408949576831,0.163480457622,0.329176115182
-0.00215018548692,0.344160960191,0.0465939105658,0.0181385638401,-0.0487440960528,0.326022396351
-0.116882456219,-0.0233740488841,-0.0228475564218,0.0444745901111,-0.0940348997968,-0.0678486389952
0.113901568313,-1.78644724113,-0.0424422581965,-0.0264320774663,0.15634382651,-1.76001516367
0.376666924777,0.00992410536655,-0.0426324599434,-0.0261241910722,0.419299384721,0.0360482964387
-0.823306888891,1.31363365434,0.0212347934561,-0.0452668040277,-0.844541682347,1.35890045837
-0.0735482638546,-1.56736263906,0.0389033719749,-0.0314090376958,-0.11245163583,-1.53595360136
0.597014184678,0.577403638793,0.0343685649129,-0.0363153100747,0.562645619765,0.613718948868
0.204984482136,0.692118053854,0.0499907274773,0.000962894746103,0.154993754659,0.691155159108
0.429202955493,-1.13670255775,0.0335348315616,-0.0370865888447,0.395668123932,-1.09961596891
0.265580895998,2.17378864388,-0.0327652297501,0.0377682369117,0.298346125748,2.13602040697
-0.0751725686819,-1.04651880701,-0.0414143785638,0.0280151610414,-0.0337581901181,-1.07453396805
0.280507366871,0.657509630446,-0.0494475670847,-0.00741202464918,0.329954933956,0.664921655095
-0.70978887353,1.6645914614,0.0493673153,0.00792894571,-0.75915618883,1.65666251569
0.690369341721,-0.0983519714557,-0.0187451588426,0.0463531985947,0.709114500563,-0.14470517005
0.443281709899,0.101170657909,0.046978425209,0.0171180479286,0.39630328469,0.0840526099801
0.104130598524,-0.537590683848,-0.0455868379346,0.0205387489181,0.149717436459,-0.558129432766
0.53035197239,0.77695465451,0.001886696549,-0.0499643910814,0.528465275841,0.826919045591
-0.163878371844,-0.781855356236,-0.0328986618107,0.0376520656946,-0.130979710034,-0.819507421931
-1.05550696886,0.14214350948,-0.0152565083945,-0.0476155326717,-1.04025046046,0.189759042151
-0.246993526737,-0.848754039265,-0.00341861171978,-0.0498829940351,-0.243574915017,-0.798871045229
0.951144893634,-0.524552292259,0.0474665089676,0.0157140232413,0.903678384666,-0.5402663155
0.153032168915,-0.583856551335,0.0437111133736,0.0242762964153,0.109321055541,-0.608132847751
-0.118620260501,0.48864309941,0.0130387731226,-0.0482699740569,-0.131659033624,0.536913073467
0.0329505156459,0.422533567303,0.0447256167518,-0.0223521633444,-0.0117751011058,0.444885730648
-0.00154546455599,-0.510168414275,0.0395020167286,0.0306527433418,-0.0410474812846,-0.540821157616
0.67777794572,1.10577884089,0.00436019852745,-0.0498095238765,0.673417747193,1.15558836476
-0.038865579327,-0.0524557494168,-0.013257549741,0.0482103451021,-0.0256080295859,-0.100666094519
0.12616350469,1.06927703887,0.00323818818847,0.049895031188,0.122925316501,1.01938200768
-0.221869486028,0.72669774054,-0.0499797033616,0.0014245181254,-0.171889782667,0.725273222415
-0.390272455929,-0.880928888828,0.0484144898614,-0.0124914839574,-0.43868694579,-0.868437404871
0.401001953141,0.730226116758,0.0492416076086,-0.00867548731333,0.351760345532,0.738901604072
0.283579191803,1.58482792673,-0.0211966123635,-0.0452846952547,0.304775804166,1.63011262199
0.134048862067,-0.882245890519,-0.0255304074745,0.0429906768287,0.159579269542,-0.925236567347
-0.968287208926,-0.902373646495,-0.0445271255972,-0.0227450013421,-0.923760083328,-0.879628645153
0.61524836182,1.26218087285,0.0317764457611,-0.0386038533671,0.583471916058,1.30078472622
-0.0101251814551,-1.16123690404,0.0362691281764,-0.034417297124,-0.0463943096315,-1.12681960692
-0.245722617341,0.689386930573,0.0418212936406,0.0274040033248,-0.287543910982,0.661982927248
0.439998092482,-0.0949134859236,-0.0499698411068,-0.00173636970636,0.489967933589,-0.0931771162173
0.529056173777,1.03825788286,0.0427409314973,0.0259463441499,0.48631524228,1.01231153871
0.416974386357,0.608226154067,-0.0291296319057,0.0406382153279,0.446104018263,0.567587938739
-0.191620145109,1.03111736505,-0.036766145844,0.0338858454192,-0.154853999265,0.997231519634
-0.0201220028402,0.0720345698849,0.00464298328683,0.0497839603306,-0.024764986127,0.0222506095543
-0.296393247907,-0.705157216187,0.0463625330872,-0.0187220598689,-0.342755780994,-0.686435156318
0.0365232675919,0.393500164824,-0.0216125040678,-0.0450876886513,0.0581357716597,0.438587853475
0.334618405339,1.80067969788,-0.0355660746878,0.0351433397858,0.370184480027,1.76553635809
-0.137198935683,0.65111864725,-0.0499885206261,0.00107135690266,-0.0872104150564,0.650047290348
0.536664118779,-0.716527571649,-0.0385945869852,0.0317876997507,0.575258705764,-0.7483152714
0.351648851231,-0.334261430991,-0.0437185518693,0.0242628980637,0.395367403101,-0.358524329055
0.519856530482,-0.254535499849,-0.0340529056033,-0.0366114684214,0.553909436085,-0.217924031427
0.863072696388,0.405037765892,-0.0194317602697,0.0460695853337,0.882504456658,0.358968180558
0.641823421954,-1.58950118488,0.00897992985791,0.0491869988894,0.632843492096,-1.63868818377
0.000492970327873,0.550407909714,0.0494851286236,-0.00715695781095,-0.0489921582957,0.557564867524
-0.0042395473043,0.690494443342,0.0187876142856,-0.0463360070513,-0.02302716159,0.736830450393
0.507823758722,0.566401638678,0.0477565383726,0.0148092215416,0.460067220349,0.551592417136
0.121553234796,0.713683238882,-0.0464831099657,-0.0184206538406,0.168036344761,0.732103892722
0.0103206762814,0.175721468476,0.0157008679959,0.0474708620543,-0.00538019171452,0.128250606421
0.529539687929,-0.867876348213,-0.00496352811389,-0.0497530239148,0.534503216043,-0.818123324299
-0.744549637829,-0.181677737221,-0.0329485826043,-0.0376083887499,-0.711601055224,-0.144069348471
-0.548609770719,0.655858264915,0.0391734307122,0.0310715678111,-0.587783201431,0.624786697104
0.351623140476,-1.7986812313,0.0369023381053,-0.0337374783048,0.314720802371,-1.76494375299
0.656249513297,0.0908524297954,0.0468633870897,0.0174305177914,0.609386126207,0.0734219120039
-0.370014966932,-0.0101672363938,-0.0485431845336,0.0119816207306,-0.321471782398,-0.0221488571245
0.236053971928,0.307164597064,-0.041680181903,-0.0276181541116,0.277734153831,0.334782751176
-0.0492200703093,-1.85850663266,-0.0488574858298,0.010627609251,-0.000362584479515,-1.86913424191
0.357576244424,-1.29104302154,-0.0385511861505,-0.0318403210786,0.396127430575,-1.25920270046
0.112742229582,-0.261235265345,-0.00797640769981,0.0493596689637,0.120718637282,-0.310594934308
-0.665425083254,-1.61369399142,0.0423666771272,0.0265530538582,-0.707791760381,-1.64024704528
0.115212965093,1.24335526563,0.035308345193,-0.0354022705449,0.0799046198999,1.27875753617
-0.22912538607,0.28421046906,-0.0378644199485,0.0326540304092,-0.191260966121,0.251556438651
-0.252224622676,0.585550231064,0.047717477352,0.0149346026115,-0.299942100028,0.570615628452
-0.50812866017,-1.73217084049,-0.0439331892015,-0.0238720524166,-0.464195470969,-1.70829878808
-0.217921231247,-0.722984372817,0.0155664811429,-0.0475150993351,-0.23348771239,-0.675469273482
0.781768433276,-0.350107411825,0.0336654406376,0.0369680687442,0.748102992639,-0.387075480569
-0.72937784284,1.42175332272,0.0499054898394,0.0030727974052,-0.77928333268,1.41868052531
-0.181739253423,0.574766719039,0.0014188602617,0.0499798643011,-0.183158113684,0.524786854738
0.253637112742,-0.233689814675,0.0492582850162,0.00858028887965,0.204378827726,-0.242270103555
0.038309612064,-0.201682404481,-0.0402188435477,-0.0297059694958,0.0785284556117,-0.171976434985
-0.949334963375,-1.77222409562,-0.0425207976437,0.0263055463305,-0.906814165731,-1.79852964195
0.606711847195,0.950170057693,-0.00791002310183,-0.0493703507637,0.614621870297,0.999540408457
-0.269233872575,-0.612442283378,-0.0413318770547,-0.0281367364691,-0.227901995521,-0.584305546909
0.132702005952,0.745131610687,0.0180291008316,-0.0466363755368,0.11467290512,0.791767986224
-0.324900150884,-0.942207272524,-0.0446548162108,-0.02249327431,-0.280245334674,-0.919713998214
-0.814656369147,1.0975851108,-0.0257927893936,-0.0428337719013,-0.788863579753,1.1404188827
0.359313609969,-0.341966647755,0.0496974694636,0.00549195128512,0.309616140505,-0.34745859904
-0.338332586656,0.665973242615,0.0292967216086,-0.0405179232314,-0.367629308265,0.706491165846
-0.346758075722,-0.281087335458,0.0454803713659,-0.0207734402644,-0.392238447088,-0.260313895193
0.778019576943,-1.94106475046,-0.0489406779267,0.0102376776698,0.826960254869,-1.95130242813
0.289025173299,1.34538100702,0.0463291122385,-0.0188046100516,0.24269606106,1.36418561707
0.729154649502,-0.447578893609,0.0481391800724,-0.0135136724083,0.68101546943,-0.4340652212
-0.989615581691,-0.121523889504,-0.00874011511068,-0.0492301776135,-0.98087546658,-0.0722937118906
0.0171001273749,-0.898915231468,-0.0452053749574,0.0213652539175,0.0623055023323,-0.920280485386
0.0622572418058,-1.40953512636,0.0151649984459,0.047644756502,0.0470922433598,-1.45717988287
-0.124948086529,-1.76684524545,0.0203607582121,-0.0456666128044,-0.145308844741,-1.72117863264
0.843118913298,1.12567358429,-0.00922186668902,0.0491422137756,0.852340779987,1.07653137051
0.812396593192,1.07825498873,-0.049998272038,-0.000415684027177,0.86239486523,1.07867067276
0.235699971775,0.159640319115,0.0496212636938,-0.00614249049123,0.186078708081,0.165782809606
-0.541809508383,0.589846944613,0.0105237101982,0.0488799705776,-0.552333218581,0.540966974036
-0.461381703043,0.775525822961,0.018218437017,0.0465627378132,-0.47960014006,0.728963085148
0.956773562153,2.04616603595,-0.0441587444261,-0.0234521915971,1.00093230658,2.06961822755
-0.214655995782,0.26785640387,0.0499794180851,0.00143449220086,-0.264635413867,0.266421911669
-0.106793487305,0.811611497388,0.0256401296039,0.0429253276504,-0.132433616909,0.768686169737
0.749263300258,0.191102572369,0.040061069179,0.0299184012982,0.709202231079,0.161184171071
0.708681082637,-0.868725383932,-0.00122190152873,-0.0499850673367,0.709902984166,-0.818740316596
0.105204981864,0.406283889693,-0.0308755866384,0.0393280834739,0.136080568503,0.366955806219
-0.453743909249,0.372917083868,-0.0443521271567,0.0230843846934,-0.409391782093,0.349832699175
0.485959828844,-0.165483007728,-0.0385024224556,0.0318992706038,0.524462251299,-0.197382278332
0.663670740709,-0.808318221555,0.0497391016722,-0.00510115328563,0.613931639037,-0.803217068269
-0.0999646853566,0.61750237833,-0.0175612636844,0.0468145492108,-0.0824034216722,0.570687829119
0.300823500981,1.40290821072,-0.0368302766499,0.0338161310899,0.337653777631,1.36909207963
1.06675573106,-0.401292865175,0.0313473788648,0.0389530722576,1.0354083522,-0.440245937433
-0.0217932513928,0.209780136343,0.0135687184648,-0.0481236935326,-0.0353619698576,0.257903829876
0.0695198115986,1.12208796179,-0.0257544536052,0.0428568328216,0.0952742652038,1.07923112897
0.604083901113,-1.01729855316,0.0169902080767,0.0470248107865,0.587093693036,-1.06432336394
0.291841287853,0.32607976184,0.047038635616,-0.0169518954511,0.244802652237,0.343031657291
0.25585313755,1.10750489519,0.0265990925607,0.0423377877899,0.229254044989,1.0651671074
-0.0787416219111,-0.60082386685,0.0404724410813,-0.0293595216739,-0.119214062992,-0.571464345176
-0.0079914419255,-1.84046941368,0.0261626340907,0.0426088790915,-0.0341540760162,-1.88307829278
0.483318379876,-0.354201236927,0.0457048956933,-0.0202746765612,0.437613484182,-0.333926560366
-0.146602032198,0.190047120778,-0.0224712678224,0.0446658943989,-0.124130764376,0.145381226379
0.156623030643,1.40604456002,0.0313395169815,0.0389593977799,0.125283513662,1.36708516224
-0.0664900887157,0.932468006439,0.0189968105878,-0.046250634455,-0.0854868993035,0.978718640894
-0.00805967094361,0.108030902658,-0.029701741859,0.0402219657717,0.0216420709154,0.0678089368863
-0.585006138581,2.0612898344,-0.0304598830705,0.0396509208384,-0.554546255511,2.02163891356
-0.412283634579,0.985336738674,-0.0342967382794,-0.0363831519167,-0.377986896299,1.02171989059
-0.121037680874,-1.01877850383,-0.0406752776118,0.0290778574039,-0.0803624032626,-1.04785636124
-0.0898925056651,-2.23145480225,-0.0492098327805,-0.00885394588386,-0.0406826728846,-2.22260085637
0.0903498668447,0.00951078731655,0.0162144874589,0.0472978899788,0.0741353793858,-0.0377871026622
0.235200471996,0.42614320738,-0.0322366538009,-0.0382203892147,0.267437125797,0.464363596595
-0.108291688755,0.412828953926,-0.0128744317524,0.0483140663477,-0.0954172570031,0.364514887579
0.78033002768,1.29677787155,0.0499081814055,0.00302876687647,0.730421846274,1.29374910467
-0.561982435951,-0.879015305891,0.00195350450991,0.0499618236269,-0.56393594046,-0.928977129518
0.73554301741,-0.0818898858886,-0.0499674067414,0.00180506607661,0.785510424151,-0.0836949519652
0.197147097272,0.850376603453,0.0459057855891,-0.019815621349,0.151241311683,0.870192224802
0.216171489447,1.02708023504,-0.0445663213706,0.0226681053353,0.260737810818,1.0044121297
0.0121701483752,-0.485982097381,-0.0305159439051,0.0396077917534,0.0426860922803,-0.525589889134
-0.229559048437,-0.871605676893,-0.0339415977502,-0.0367146829234,-0.195617450687,-0.834890993969
-0.33358151767,-0.407781414436,-0.0495349940658,-0.00680326119635,-0.284046523605,-0.400978153239
-0.747135703604,-0.562017066101,0.0138156886676,-0.0480533739361,-0.760951392272,-0.513963692165
0.459015338903,-2.00231895807,0.0160652871602,0.0473487755751,0.442950051743,-2.04966773364
1.04588506965,-0.726899750639,-0.0385362190278,0.0318584340958,1.08442128868,-0.758758184735
0.447809730629,-0.327716531863,0.0388762326006,0.0314426229628,0.408933498028,-0.359159154826
0.17976200144,0.602466054168,-0.0205184503364,0.0455959778467,0.200280451776,0.556870076322
0.828582101537,0.553934706195,0.0497914330925,0.00456214758576,0.778790668444,0.54937255861
-0.0524329293969,-0.201267871462,-0.0453410430035,0.0210758112384,-0.00709188639337,-0.2223436827
-0.153564384557,1.60868268281,0.0108195609995,0.0488153367271,-0.164383945556,1.55986734608
0.521448039321,-0.120686475822,0.0496454718093,0.00594366291356,0.471802567512,-0.126630138736
0.295300456514,-0.873278945382,0.0381942466832,0.0322676234064,0.257106209831,-0.905546568789
0.75629158995,-1.93490991238,-0.0498316737014,0.00409930434604,0.806123263651,-1.93900921673
-0.284877511068,-1.1954024949,-0.0149354598784,-0.0477172090364,-0.269942051189,-1.14768528586
-0.635640197243,-0.477062203916,0.0288654191103,-0.0408263098943,-0.664505616354,-0.436235894021
-0.15672171572,-0.903363474561,0.0380966807176,0.0323827564964,-0.194818396438,-0.935746231057
-0.0821064111629,-0.0756464865917,-0.0133555220548,-0.0481832961787,-0.0687508891082,-0.027463190413
-0.263779339008,-1.08007676836,0.0430262954892,0.0254703336546,-0.306805634497,-1.10554710201
0.151711956906,1.03067786563,-0.0431451690339,-0.0252684465102,0.19485712594,1.05594631214
-0.0840715987367,1.62654949794,0.0482925754404,0.0129548121304,-0.132364174177,1.61359468581
-0.167126713369,0.139449513149,-0.0424563160393,0.0264094912555,-0.12467039733,0.113040021893
-0.572922012714,-0.486022620512,0.049117913277,-0.00935043289457,-0.622039925991,-0.476672187617
0.850720648702,0.984533803079,-0.00261180620628,-0.0499317380865,0.853332454908,1.03446554117
-0.0915133562324,-0.495364205812,0.0499994162835,-0.000241601553432,-0.141512772516,-0.495122604259
-0.899995062846,-0.0541931384576,-0.0227041926274,0.0445479476198,-0.877290870219,-0.0987410860774
-0.0990477282544,1.28499569599,-0.00273104528115,0.0499253582027,-0.0963166829732,1.23507033779
-0.156624988118,-0.238940988428,0.038152954285,-0.0323164366743,-0.194777942403,-0.206624551753
-0.348918606874,0.336085451848,-0.0499732189788,-0.00163627164446,-0.298945387895,0.337721723493
0.0475953488259,1.27943917879,-0.0495839856596,0.00643648709401,0.0971793344855,1.27300269169
-0.0311915370418,-0.0748512367351,-0.018997186059,0.0462504802336,-0.0121943509828,-0.121101716969
-0.171593656302,-0.839033101396,0.0499636117526,0.00190722327857,-0.221557268054,-0.840940324675
0.450704214175,-1.28072526616,0.0320721841658,0.0383585062644,0.418632030009,-1.31908377243
0.535332598045,-0.731996389537,0.0274185059149,0.0418117870151,0.50791409213,-0.773808176552
-0.658054611277,1.1855230534,-0.0365558920061,-0.0341125601448,-0.62149871927,1.21963561354
-0.536190720916,0.154128499604,-0.0273287242563,0.0418705246029,-0.50886199666,0.112257975001
-0.147213805307,1.77209623108,-0.0364331066075,-0.0342436671945,-0.110780698699,1.80633989828
-0.0305900955774,-1.51994675738,0.0429813847893,-0.0255460478664,-0.0735714803667,-1.49440070952
-0.358938153308,0.452476596527,0.0367533739833,0.0338996976512,-0.395691527292,0.418576898876
0.719133473378,1.20928449376,0.0413331838915,-0.028134816676,0.677800289487,1.23741931043
0.268406414446,-0.126151120871,-0.048498240521,0.0121622640312,0.316904654967,-0.138313384902
-0.30046973609,-0.795746033039,0.0499728606235,0.00164717974241,-0.350442596714,-0.797393212781
0.629833237106,-1.80551522139,0.00951449379529,-0.0490863973807,0.620318743311,-1.75642882401
0.905191774394,-0.278023441265,-0.0210292304039,0.0453626660219,0.926221004798,-0.323386107287
0.605237604629,-0.620374524746,0.0328210645854,-0.037719725867,0.572416540044,-0.582654798879
0.0675939673487,1.42634535666,-0.00656609582195,-0.0495669888702,0.0741600631707,1.47591234553
0.389991721496,-0.247871848565,0.0294793966283,-0.0403852098476,0.360512324868,-0.207486638718
0.227352375513,0.88381533899,-0.0148231651729,-0.0477522122446,0.242175540685,0.931567551234
0.600344729048,-0.216470742098,-0.0372158696609,0.033391301942,0.637560598709,-0.24986204404
0.358842691469,-0.237368271166,0.0484208156081,-0.0124669409178,0.310421875861,-0.224901330248
-0.467061311433,-0.719889158448,0.00758496075546,-0.0494213351736,-0.474646272188,-0.670467823275
-0.203848311076,0.430834969603,-0.0195397928091,0.0460238687746,-0.184308518267,0.384811100828
0.148620542083,-0.603533795982,0.0494502403854,-0.00739416836612,0.0991703016978,-0.596139627616
-0.32765862612,0.0886521370187,-0.0495924816163,0.00637069596969,-0.278066144503,0.0822814410491
0.0734211240967,-0.280487056403,-0.0341010970896,0.0365665855295,0.107522221186,-0.317053641933
0.18628700985,1.88727162304,-0.0452263115722,0.0213208991738,0.231513321422,1.86595072387
0.458329234071,-0.57450202157,0.0494524869662,0.00737912819058,0.408876747105,-0.581881149761
0.518410239636,-0.332791098079,-0.0294087204996,0.0404367055851,0.547818960136,-0.373227803664
0.300241135494,-0.542767804206,0.0202050680077,-0.0457357106297,0.280036067487,-0.497032093576
0.0821346991845,1.67688707165,0.0258536206674,-0.0427970828257,0.0562810785171,1.71968415447
-0.108466386401,0.927747903119,-0.0486361155998,0.0115986317883,-0.0598302708011,0.916149271331
0.740879856818,-0.289392916341,-0.0078958651605,-0.0493726170399,0.748775721978,-0.240020299302
0.0869293725787,1.2924028519,-0.000971219710308,0.0499905664328,0.087900592289,1.24241228547
0.145166263866,-0.339381794542,-0.0448906037368,0.0220189394872,0.190056867603,-0.36140073403
0.799800778189,-0.942780151188,-0.0310719427144,-0.0391731333436,0.830872720903,-0.903607017844
0.386561205004,-0.15025843944,0.0245530643681,0.0435562513325,0.362008140636,-0.193814690773
0.272859444493,0.555457491922,0.0227876311726,-0.0445053240135,0.25007181332,0.599962815936
-0.139296467696,-1.90746545854,-0.013246558999,0.0482133661414,-0.126049908697,-1.95567882468
0.439766662689,1.62222045162,0.040750458823,-0.0289724024843,0.399016203866,1.65119285411
0.238040231007,0.306268303227,0.0406560304826,-0.0291047622461,0.197384200525,0.335373065473
0.253472445724,-0.887898912961,-0.0169780337033,0.0470292076434,0.270450479427,-0.934928120604
-0.177532797821,1.11647035311,0.045542943048,0.0206358992662,-0.223075740869,1.09583445385
0.788441756894,-1.47259757681,-0.0482243738479,0.0132064290018,0.836666130742,-1.48580400582
-0.00383018554149,-1.03812035352,-0.0337011719589,0.0369354979471,0.0298709864174,-1.07505585147
0.459495929504,0.163614544516,-0.0461124526001,-0.0193298141533,0.505608382104,0.182944358669
0.234931803771,-1.41147944888,0.00125127514837,0.0499843406529,0.233680528623,-1.46146378954
-0.355356330765,-0.516130176281,0.0320131033549,0.0384078275042,-0.38736943412,-0.554538003785
0.341728797177,0.403018934036,-0.0481392153533,0.0135135467279,0.38986801253,0.389505387309
0.123340041324,-0.162729645052,0.0253786847851,0.0430804173445,0.0979613565389,-0.205810062397
-0.0857727809764,1.07493472986,-0.0276650674842,0.0416490581057,-0.0581077134922,1.03328567175
0.426597320418,-1.47517589854,0.0245571713491,0.0435539359339,0.402040149069,-1.51872983447
-0.438490641914,-0.378101916838,0.0450318189717,0.0217286741451,-0.483522460886,-0.399830590983
-0.6040809824,-0.794133631967,0.0264424266173,0.0424358112281,-0.630523409017,-0.836569443195
-0.225634155601,-0.727432332768,-0.00950571949324,-0.0490880973039,-0.216128436107,-0.678344235464
0.00952967148653,0.409890614028,0.0437756599271,0.0241597102207,-0.0342459884405,0.385730903807
-0.597733705247,-0.945442268639,0.0497900081968,0.00457767230877,-0.647523713444,-0.950019940948
0.121318250797,-1.24393890891,0.0354089777831,-0.0353016188348,0.085909273014,-1.20863729008
0.0458183522895,-1.79198162558,0.0293482315198,0.0404806287829,0.0164701207697,-1.83246225436
-0.13387550862,0.640838500948,-0.0413209864036,0.0281527278009,-0.0925545222168,0.612685773147
-0.264327679354,0.481863328917,0.0409859755116,-0.0286382578269,-0.305313654866,0.510501586743
0.180302878034,0.547015201552,-0.0300250610517,0.0399811919387,0.210327939086,0.507034009614
-0.476333609065,-0.801290820746,0.0358385666936,0.0348654146304,-0.512172175758,-0.836156235376
0.289778909487,0.548370840172,0.0318973757495,0.0385039922644,0.257881533737,0.509866847907
-0.1363352775,-0.611232454734,-0.0443419861978,0.02310385812,-0.0919932913022,-0.634336312854
0.815759053705,0.590128181447,0.0428748263058,0.0257244877354,0.7728842274,0.564403693712
-0.642836263941,0.0979473379951,-0.0445899512261,-0.0226215881328,-0.598246312715,0.120568926128
0.117247031868,-1.4016507887,0.0492197498359,0.00879864910622,0.0680272820323,-1.41044943781
-0.35574431143,-1.04037530155,0.032713895446,0.0378127100953,-0.388458206876,-1.07818801164
0.244875311176,1.92485381948,0.0485927062152,0.011779172411,0.19628260496,1.91307464707
-0.4054921102,0.78700323012,-0.0110335974627,-0.04876740435,-0.394458512738,0.83577063447
0.647929895402,-0.5215335395,-0.0353817781226,0.0353288802099,0.683311673524,-0.55686241971
0.498168422353,1.11020265692,-0.0218208209689,-0.0449872401048,0.519989243322,1.15518989702
0.0310286153851,0.625933140713,-0.00750029749541,-0.0494342546973,0.0385289128805,0.67536739541
-0.569806434458,-0.839996543027,0.0150424312776,-0.0476835953055,-0.584848865735,-0.792312947721
0.0780521084084,-0.650209463066,-0.0425732824818,-0.0262205190399,0.12062539089,-0.623988944026
0.760445981199,1.39740305523,-0.0171054492778,-0.0469830140051,0.777551430477,1.44438606924
-0.371308209253,0.40190078646,-0.00131928433201,-0.0499825918581,-0.369988924921,0.451883378318
0.124623766673,0.900105927387,0.0110162147586,-0.0487713339206,0.113607551914,0.948877261308
-0.429865035966,1.2110964999,0.00421194679293,0.0498222791953,-0.434076982759,1.1612742207
-0.307924022121,0.0456021434197,0.0493458161603,-0.00806166406336,-0.357269838282,0.053663807483
-0.0502223798821,-0.644448532072,0.048195239774,-0.0133123575345,-0.0984176196561,-0.631136174538
0.0345481591446,-0.727139622832,0.0346708432497,-0.036026832061,-0.000122684105091,-0.691112790771
0.0333884608891,-0.777572506655,-0.0208431276367,0.0454484766557,0.0542315885258,-0.823020983311
-0.168262785241,0.609022361638,-0.0294530745704,0.0404044106299,-0.13880971067,0.568617951008
0.367649176222,0.116802844254,-0.0492945833458,0.00836923250733,0.416943759567,0.108433611747
0.232021996298,0.856427111465,-0.0159798137597,-0.0473776904482,0.248001810058,0.903804801913
-0.187779308174,-0.387595008061,0.0489923317755,0.00998756362674,-0.23677163995,-0.397582571687
0.560417781792,-0.685716987325,-0.00192987093135,0.0499627421004,0.562347652724,-0.735679729425
0.666601754621,-0.0159721456291,0.0314209858938,0.0388937224428,0.635180768727,-0.0548658680719
0.417950181437,-0.651288249975,0.0449164734165,-0.0219661197261,0.37303370802,-0.629322130249
-0.584156016204,-0.0270848857915,0.029944464877,0.0400415911675,-0.614100481081,-0.067126476959
0.311895916502,0.479808111649,-0.0455170563126,-0.0206929356214,0.357412972815,0.50050104727
-0.475238330979,-0.0343846589767,0.0499998478011,-0.000123368825936,-0.52523817878,-0.0342612901508
0.384040536827,0.853671012621,-0.0499990373783,0.000310259961421,0.434039574206,0.85336075266
0.34836581261,-0.814393534556,-0.0485915786931,0.0117838228142,0.396957391303,-0.82617735737
0.298013254653,-0.658101720354,0.0179614916586,-0.046662456187,0.280051762995,-0.611439264167
0.254715228291,1.6536868982,-0.042709254976,-0.0259984526346,0.297424483267,1.67968535083
0.505013220289,-1.07391294514,-0.0329823102443,0.0375788133255,0.537995530533,-1.11149175847
-0.46844553162,1.10004770581,0.0330147711205,-0.0375502981061,-0.50146030274,1.13759800391
-0.388397889836,1.7565153521,-0.0412464791438,0.0282617755677,-0.347151410692,1.72825357653
0.0652753157399,0.539114212116,-0.0277446219103,0.0415961050467,0.0930199376502,0.497518107069
-0.845798817873,-0.855038678245,-0.0499875594458,0.00111530294356,-0.795811258427,-0.856153981189
0.572803082099,-0.385615130318,0.0335273178807,-0.0370933815623,0.539275764219,-0.348521748755
0.406985392508,-0.514756311087,0.00721528433041,-0.0494766578503,0.399770108177,-0.465279653237
0.530086786827,-0.792702008363,0.0312984510377,0.0389923962157,0.49878833579,-0.831694404579
-0.920886059928,1.35280203019,-0.0487391645218,0.0111576808393,-0.872146895406,1.34164434935
0.693221250044,-1.34988285989,-0.0320832416192,0.0383492582354,0.725304491663,-1.38823211813
0.105209445009,1.37208273994,-0.0203454876825,-0.0456734182097,0.125554932692,1.41775615815
0.0240250836737,-1.34664932577,-0.0462979656597,0.0188811645767,0.0703230493334,-1.36553049034
-0.113647814722,0.904073051205,-0.0459809629037,0.0196405460832,-0.0676668518178,0.884432505122
-0.755605519103,0.864292699625,0.0435741764656,-0.0245212386585,-0.799179695568,0.888813938283
0.624807707124,1.28412759366,0.0435391916102,-0.0245833031534,0.581268515514,1.30871089682
-0.171488382213,-0.213856732373,0.0415754930239,0.0277754996323,-0.213063875237,-0.241632232005
-0.43437776759,-1.92278152665,0.0499306667014,0.0026322087207,-0.484308434291,-1.92541373537
0.0658497597765,-0.906223400643,-0.0351659184592,0.035543750209,0.101015678236,-0.941767150852
-0.112783221347,-0.752596580446,-0.00891001395521,-0.0491997119028,-0.103873207392,-0.703396868543
0.318969013651,-0.589495796235,0.0459154163909,0.01979329527,0.27305359726,-0.609289091505
-0.0337275465153,0.51165647145,-0.0295947339796,0.040300765758,-0.00413281253568,0.471355705692
-0.207341961089,1.08707376116,0.0479834566306,0.0140565959527,-0.25532541772,1.07301716521
-0.660697144969,-1.31404234911,-0.0363236132126,-0.0343597893355,-0.624373531757,-1.27968255978
-0.226432692993,-0.317689576411,0.014444018277,0.047868260215,-0.24087671127,-0.365557836626
0.168803168923,-0.732141237843,-0.0252264802324,0.0431697196549,0.194029649155,-0.775310957498
0.309682189927,0.891117741399,0.0412262536517,0.0282912709125,0.268455936275,0.862826470486
-0.618797614833,0.922116604953,0.0499973205241,0.000517629610826,-0.668794935357,0.921598975342
0.913774404274,0.799102727042,-0.038088624712,-0.0323922315926,0.951863028986,0.831494958635
-0.350806180137,0.201742782906,0.0498168292642,0.00427592353259,-0.400623009401,0.197466859373
0.496706740444,-0.0985884042766,0.0226303096972,-0.0445855254876,0.474076430747,-0.0540028787889
0.258668233664,0.0553845698294,0.0494853449031,0.00715546223652,0.209182888761,0.0482291075929
0.0552829069919,1.10861493831,-0.0381613829158,-0.0323064831567,0.0934442899077,1.14092142147
0.512246577855,0.487616884834,0.0488059796477,0.0108616918862,0.463440598207,0.476755192948
-0.0230989349359,-0.657111410607,-0.044277145273,0.0232278799392,0.0211782103371,-0.680339290547
0.210676233289,-2.03922723818,0.0300091837221,-0.0399931105609,0.180667049567,-1.99923412762
0.744682409746,1.8968372784,-0.0230861634916,-0.044351201283,0.767768573237,1.94118847968
0.643489461015,0.829834257307,0.0383267962055,-0.0321100715139,0.60516266481,0.861944328821
0.467285033565,-0.248779380723,-0.0296013433179,0.0402959113779,0.496886376883,-0.289075292101
0.308956746478,-0.647258608681,-0.0198762129965,0.0458795832252,0.328832959475,-0.693138191906
-0.178081886102,0.394960094853,-0.0431756664552,0.0252163008022,-0.134906219647,0.369743794051
0.967736950078,-0.427435391716,-0.0496940992541,0.00552236356334,1.01743104933,-0.43295775528
-0.744841586585,0.121383094673,0.0409092813878,0.0287477076709,-0.785750867973,0.0926353870019
0.806388896717,0.131375681249,0.0252886304566,0.0431333417396,0.78110026626,0.0882423395098
0.480774683312,0.686034403523,0.00423679021686,-0.049820172708,0.476537893095,0.735854576231
-0.235614436405,0.13235105802,0.0191848770371,0.0461729411352,-0.254799313442,0.0861781168846
-0.0978390117687,0.827056407,0.0310388377388,-0.0391993692784,-0.128877849507,0.866255776279
0.23502814972,0.497966922767,0.0320965773234,0.0383380975548,0.202931572397,0.459628825213
0.773203158515,0.679791894958,-0.0350902806108,-0.0356184251007,0.808293439125,0.715410320059
0.588383251048,-1.39699604442,-0.0497606290661,-0.00488669570848,0.638143880114,-1.39210934871
0.244130384415,-0.312175595419,0.0351434705071,-0.0355659455198,0.208986913908,-0.2766096499
0.599084705702,-1.10393689309,0.0359293630001,0.0347718402505,0.563155342702,-1.13870873334
0.924168270982,-0.672439166427,-0.0286110352657,-0.0410049833682,0.952779306247,-0.631434183058
0.281264326323,-0.753188220528,0.0407660491574,0.0289504617596,0.240498277166,-0.782138682288
0.585656601458,-0.691045591988,-0.0486535354903,0.0115253409621,0.634310136949,-0.70257093295
-0.0493445333139,-2.01131558065,0.0450639712608,0.0216619134476,-0.0944085045746,-2.0329774941
-0.0140408840488,0.53248380058,0.0457080462952,-0.020267572718,-0.059748930344,0.552751373298
-0.360757640053,-0.317401035445,0.0332459377705,0.0373457845246,-0.394003577823,-0.35474681997
-0.10285248932,-0.800921611356,-0.026343156982,0.042497506753,-0.0765093323384,-0.843419118109
0.211889797901,-0.646786088997,0.00486023483906,-0.0497632205279,0.207029563062,-0.597022868469
-0.0623198067163,1.34857023355,0.0454959929953,-0.0207392049358,-0.107815799712,1.36930943848
0.907042824469,-0.0178745159673,-0.037371752796,-0.0332167441655,0.944414577265,0.0153422281982
0.0359818929739,0.304013211812,-0.0010655439553,0.0499886448714,0.0370474369292,0.254024566941
0.0473208226959,0.910804942147,0.00122943568633,0.0499848825936,0.0460913870096,0.860820059553
-0.030486839768,-1.98567990112,-0.0499353905204,-0.00254101821555,0.0194485507524,-1.98313888291
0.181828632176,-1.14427016933,0.0361442888096,-0.0345483774792,0.145684343366,-1.10972179185
0.739247918151,-0.35450810872,0.0394480803735,-0.0307221248426,0.699799837778,-0.323785983877
0.478204426917,-0.541247080714,-0.045555510954,0.0206081396957,0.523759937871,-0.56185522041
-0.618091207542,-0.567130875075,-0.0192151606166,0.046160346646,-0.598876046926,-0.613291221721
0.203348659339,-1.25937910476,0.0487267884222,0.0112116051508,0.154621870917,-1.27059070991
0.969082119401,-0.333486030059,-0.0184574540927,-0.0464685096427,0.987539573494,-0.287017520416
-0.246614145188,-0.173290758424,-0.0301299919479,0.0399021751941,-0.21648415324,-0.213192933618
-0.186185028183,-1.29996318145,-0.0475578440093,-0.0154353967616,-0.138627184174,-1.28452778469
0.681178120334,-0.272549952499,-0.00444735271509,0.0498018177763,0.685625473049,-0.322351770276
0.00530208820509,-0.293610491859,-0.0435665189254,0.0245348411188,0.0488686071305,-0.318145332977
-0.303405163206,0.985697901229,-0.00393780993717,0.0498446953336,-0.299467353269,0.935853205895
-0.343950792104,-0.832424208435,0.0398994626286,-0.0301335839546,-0.383850254733,-0.80229062448
-0.202967308291,1.6429450833,-0.0458337983626,-0.019981564695,-0.157133509928,1.66292664799
0.462653539063,0.241140930062,0.0469282675922,0.0172550775367,0.415725271471,0.223885852525
0.389751698699,-1.20566064997,-0.0396669540257,-0.0304390006131,0.429418652725,-1.17522164936
0.49936001805,-1.31763465653,0.0485362881528,0.012009526733,0.450823729897,-1.32964418327
-0.147916582936,-1.81077438872,-0.0171691324737,-0.0469597794938,-0.130747450462,-1.76381460922
0.32152078653,-0.390340003522,0.0319989757786,0.0384195985029,0.289521810751,-0.428759602025
0.304637497017,1.34830412301,-0.0404831270383,-0.0293447853153,0.345120624056,1.37764890833
-0.0818428864094,1.33927221754,-0.0498750791864,0.00353220556512,-0.0319678072231,1.33574001198
1.01951994498,0.602623932749,0.00362359991798,-0.0498685223727,1.01589634506,0.652492455122
-0.603587265867,0.454433179367,-0.0272214411119,-0.0419403522135,-0.576365824755,0.49637353158
0.5143328122,-0.08706050447,0.037833130007,0.0326902779718,0.476499682193,-0.119750782442
-0.225232931608,0.175293098452,0.0112976067006,0.0487069202767,-0.236530538308,0.126586178175
-0.647686586101,0.0661624570856,-0.0347829938425,0.0359185653855,-0.612903592259,0.0302438917
-0.334781923727,-0.27843998295,-0.0297073889544,-0.0402177950851,-0.305074534772,-0.238222187865
0.0966087083304,0.579289024017,-0.00806168546124,-0.0493458126645,0.104670393792,0.628634836681
0.510627464824,0.147642157954,0.0491507871888,0.00917606226665,0.461476677635,0.138466095688
-0.765908296395,0.161565721488,-0.032024987354,-0.0383979190188,-0.733883309041,0.199963640507
-0.0393223742086,0.510893627571,-0.0492785779951,-0.00846296347515,0.00995620378652,0.519356591046
0.713746904461,-0.817327406872,-0.0450546984555,-0.0216811933961,0.758801602916,-0.795646213476
-0.0182112977313,0.665149118919,0.0312084304684,0.0390644834562,-0.0494197281997,0.626084635463
0.412679827257,-0.621921666072,-0.0177789309112,-0.046732318749,0.430458758169,-0.575189347323
-0.948861489144,-1.6263010408,-0.0238996902611,-0.0439181603147,-0.924961798883,-1.58238288048
-0.580461307321,-0.324981481528,-0.0215950851824,0.045096034149,-0.558866222138,-0.370077515677
0.319616779426,-0.228914506619,-0.046500409419,0.0183769400028,0.366117188845,-0.247291446622
-0.0230642061561,1.07623560869,-0.0233940463449,0.0441895756442,0.000329840188803,1.03204603305
-0.157453928089,-0.0535705357929,-0.0454864297607,0.0207601711849,-0.111967498328,-0.0743307069778
0.127365648049,0.763310835999,-0.0113665184365,-0.0486908847592,0.138732166485,0.812001720758
-0.356531214879,-1.0332532221,-0.0253111721134,0.043120117883,-0.331220042765,-1.07637333999
0.414741298927,-0.71026447097,-0.049999609005,-0.000197735537696,0.464740907932,-0.710066735433
0.603037850716,-0.70037354625,0.0357839695334,0.0349214479143,0.567253881182,-0.735294994165
-0.0141428795053,0.163940457132,-0.0341379985343,-0.036532137305,0.019995119029,0.200472594437
0.129261147669,2.03607774606,0.00694866685282,-0.0495148061591,0.122312480816,2.08559255222
0.335148192138,0.226476742742,0.0257539579006,0.0428571307072,0.309394234237,0.183619612035
0.279540282115,1.01683974998,0.0140992967309,-0.0479709269422,0.265440985384,1.06481067692
0.93228055081,-0.656911285679,0.0473486985947,-0.0160655140407,0.884931852215,-0.640845771638
0.752393724609,0.0283814628876,0.0461618813367,0.0192114734327,0.706231843272,0.00916998945491
-0.0149429770035,-0.783167145007,0.0180635798964,-0.0466230316617,-0.0330065568999,-0.736544113345
-0.327993500255,-0.018695810317,0.0499970797568,-0.000540384852095,-0.377990580012,-0.018155425465
0.0467893540593,0.213241468945,-0.00268942320742,0.049927617636,0.0494787772667,0.163313851309
0.261410075089,-0.580219529326,-0.0499815098305,0.0013596599081,0.311391584919,-0.581579189234
0.188217478269,-0.335552551285,0.0282787262131,0.0412348595701,0.159938752056,-0.376787410855
-0.220943269884,0.653366383436,0.0252358567128,-0.0431642390871,-0.246179126597,0.696530622524
-0.0285424144066,0.0405892610148,-0.0474023151107,0.0159066188157,0.0188599007041,0.0246826421992
0.0303732691361,1.66474515342,-0.0314735310145,0.0388512142085,0.0618468001506,1.62589393921
0.220415696824,0.261309662332,-0.00705401408072,-0.0494999079327,0.227469710905,0.310809570265
0.256540773567,0.669605782753,-0.0261055299091,-0.0426438894587,0.282646303476,0.712249672212
-0.149403280754,-0.671610224794,-0.0129754653854,-0.0482870303294,-0.136427815369,-0.623323194464
-0.210503067966,-0.716568726101,0.00161928598636,0.04997377225,-0.212122353952,-0.766542498351
-0.0402705289772,0.630544327762,-0.0474411508986,0.015790414859,0.00717062192135,0.614753912903
-0.387373781484,0.60437968869,-0.0362257194663,0.0344629837528,-0.351148062017,0.569916704937
-0.66772464096,-1.43859881353,0.0496207622662,0.00614653984976,-0.717345403226,-1.44474535338
0.546425491222,1.84941660744,0.049531742567,0.00682689374995,0.496893748655,1.84258971369
-0.675524364393,-0.0470819001854,-0.0380240090755,-0.0324680571304,-0.637500355318,-0.014613843055
0.639469558994,1.32392668576,0.0462148736793,0.0190836435411,0.593254685314,1.30484304222
-0.668028141703,-2.02914918129,-0.0388547816639,-0.0314691268047,-0.629173360039,-1.99768005449
0.728914479457,-0.0381012998552,0.0136534949197,-0.0480997097338,0.715260984537,0.00999840987858
0.259808916146,-0.93960817724,-0.00633657182618,0.0495968533023,0.266145487972,-0.989205030543
-0.115982308903,-1.00925550384,-0.013518719151,-0.048137763061,-0.102463589752,-0.961117740783
-0.484028119431,-1.76457973875,-0.0064202934055,0.0495860850702,-0.477607826025,-1.81416582382
0.129335755257,-1.42435087721,0.0129618599617,-0.0482906842604,0.116373895296,-1.37606019295
0.173539849154,-1.63200739006,-0.00633077951776,-0.049597592993,0.179870628671,-1.58240979706
0.294751514592,0.733878705444,-0.0487676684971,0.0110324298937,0.343519183089,0.72284627555
0.850398360945,0.317635447329,0.0484980739015,0.0121629284239,0.801900287044,0.305472518905
0.825376128069,-0.423529476585,0.00606534257115,0.0496307527597,0.819310785498,-0.473160229344
0.332402207497,0.576602412105,0.0315187783551,-0.0388145154678,0.300883429142,0.615416927572
-0.28538880192,0.315276624923,0.00492729185671,0.0497566256388,-0.290316093777,0.265519999284
-0.927563526977,-0.516901891743,0.017601123495,-0.0467995774737,-0.945164650472,-0.470102314269
0.73267530019,1.00335754286,0.0146434264983,0.047807636005,0.718031873692,0.955549906858