distance_t,angle_t,distance_act,angle_act,distance_t+1,angle_t+1
0.4586014930801138,2.7372429010462143,0.05,0.13476182612509655,0.18667889112817776,0.887569273348402
0.2483624086159749,-2.1892700413703547,0.05,2.7550924066029125,0.08989372562925095,-0.6323717980859623
0.7317377875266216,2.889486308486694,0.05,0.07386496483811024,0.2896911907760337,0.9262927532655421
0.1850776183274114,2.0724369196211496,0.05,1.5991181288335539,0.052940640267882866,0.7108412657818131
0.7343406136938804,-0.5636204600823397,0.05,-1.7339159047126143,0.266292907789216,-0.15893189794667725
1.7477493224175098,1.8033357265231544,0.05,-2.445237730412894,0.6582461935024676,0.5659799944364264
0.041504548612801194,-1.6507356390709478,0.05,2.781728239322767,0.02724004283750863,-0.2977792725292254
0.2797225022424247,-1.2373094893854264,0.05,0.9175522312486594,0.11528308107582072,-0.43679211211507957
1.2441772236833992,1.5397737154346627,0.05,-3.0422160589844816,0.4653014480341515,0.47751435100322837
0.6214800734689144,-2.042428333433379,0.05,1.4123206007681484,0.24878277252799497,-0.6427981443523731
0.5823497238943312,1.504395675154669,0.05,-1.8148057029868874,0.2348048143695481,0.4744120319739861
0.6074680641241392,1.0102911526011467,0.05,-2.2259891487592727,0.2443349771177314,0.3192962172668456
1.6627312217280814,1.7221550059486974,0.05,2.06479888455439,0.6006412902857111,0.5448693912902265
0.9033690030877715,-1.7328990740488899,0.05,1.6899502591237694,0.353719549319965,-0.5469560423578264
0.7829608243633625,2.325151159671339,0.05,-0.06251379534488131,0.3048793969279319,0.7534061239452213
0.2009047527325268,-1.5339470745968915,0.05,-2.2339217417304695,0.06164320825965929,-0.4260445182925287
0.6849139963258689,1.3990696968917367,0.05,-1.154789910004889,0.2702798350887422,0.45747837261391483
0.9382909968692291,1.0812209513294075,0.05,-0.021524037247697244,0.34082533273124666,0.35966186768602343
0.43941030477350285,-2.453969925148537,0.05,-0.7240106816909985,0.167305123747103,-0.8161100809925614
0.7334573873674963,-0.4992675875373696,0.05,-2.55203191484568,0.28175820639616667,-0.14030462397693141
0.7895396322037866,1.2888415633017438,0.05,-1.604099669702823,0.31155844836750796,0.41492459887583355
0.46093603009507583,0.6889531558630266,0.05,1.582447115260694,0.1603586137401433,0.19050980361822414
1.1886551761570971,-1.7826294632561595,0.05,2.3166336613653944,0.45283014914646263,-0.5567407514144465
1.6513456105780164,1.1032495776691433,0.05,1.998069030366969,0.6024282903446757,0.34351306380043517
0.8902505271808232,-1.4971057334539126,0.05,2.809540888771846,0.33871542232429985,-0.46048736153934816
1.5751529754055982,-1.7254767447732626,0.05,-0.03870932275519813,0.5879994171029805,-0.5592325145015298
0.7743342497952937,2.696993763517312,0.05,-1.8260826850566039,0.29192578419275256,0.8385616036208071
1.4229894337692899,1.7339321698589412,0.05,1.2921724433194397,0.5122510101006716,0.5568659664633442
1.0436905918226602,0.4777885684613979,0.05,2.7175310856394512,0.39978220083100074,0.14047247285862471
1.2292066000920006,1.0422771561912343,0.05,2.6681666487238913,0.4583535379067757,0.31887493656604093
1.2039250075603658,-1.5687399632858798,0.05,1.27200417320622,0.46534088034891347,-0.5031132011641305
1.368978603453933,1.6761527591071395,0.05,3.0679207738300764,0.5059347809425491,0.5220261179967741
0.8050975089810166,-0.15422830945512442,0.05,-1.7077428880746772,0.2995486161158491,-0.0293311331465865
1.4356669037856589,-1.1991688766257225,0.05,-2.7444374186267333,0.5335543759734852,-0.37061976178496014
1.0353720964718538,-1.9105207069461836,0.05,-2.866675932277997,0.37448601837646683,-0.5952265358377158
1.1710404285054967,1.9554536834359588,0.05,1.050217292402994,0.42410540454097695,0.6334155827262633
0.37528292444315947,1.6840376727478399,0.05,0.05203725353906195,0.14186563539076275,0.577792569031974
0.5928442570645976,2.7904881652804825,0.05,1.968386715181833,0.20818189004901452,0.9090747469362894
0.6627912127725377,-2.3638250906682403,0.05,2.953788103606537,0.23631047133962943,-0.7318245951207067
2.150336281145592,2.0732143015757662,0.05,0.748526448949226,0.7950574530268018,0.6671426457544918
0.3560936765235395,1.1235761802648163,0.05,1.4782173278886135,0.11512721767884278,0.339790206509961
1.3753339903330968,1.6386528831140055,0.05,-3.0022579575607824,0.512939201843583,0.5100917747931495
1.6730009758215718,1.3991597050261442,0.05,-2.634424603374656,0.6337689062686481,0.43809970471542764
0.9069349834493168,-1.5815308626930769,0.05,0.22770332495782175,0.34201784079168884,-0.5202342364575222
0.3369800847458262,1.5683806327271963,0.05,2.157016504643123,0.1102962027742689,0.4694037831111922
2.1290946118940104,-1.5439123483246544,0.05,1.8066657126365953,0.8096771042681167,-0.4899265342508605
0.33320707799187393,-2.0145712291623328,0.05,1.5816021114914531,0.14080525587278148,-0.622797514169651
1.7295202866253212,1.3192281611250556,0.05,-2.958398019687262,0.6509915706067536,0.4116794423910309
0.2506308146508423,2.86831344776003,0.05,-2.2851589086570825,0.08687748210985184,0.8510376679627187
1.631499462666669,1.8607646164635965,0.05,-2.671721888251216,0.6101054160584031,0.5827572806016077
1.4681393137125527,-1.816636468100071,0.05,1.180706723921999,0.5641773373192944,-0.5797608597060243
0.7279349941659599,0.8232366656661857,0.05,-1.4094606015174758,0.2824127901661058,0.27857767215412854
0.7217932825623293,1.61098499358579,0.05,-1.5995987282555149,0.28687064439872323,0.5113706729723594
0.08223364995601197,-2.336213180898768,0.05,1.4996987076830068,0.04640433150306646,-0.6611367950769956
1.0044708591739158,2.496950854131477,0.05,-1.9278458044118933,0.3791006811381608,0.7798328207012909
1.3883957338291026,2.321570017461802,0.05,-1.1501859963194798,0.5337497064689628,0.7353849270884771
0.5318291753155466,-1.352186184534271,0.05,2.054847062684401,0.21569751100302592,-0.4232178345225383
0.5701045093101882,2.6456116773145495,0.05,-2.412329133794156,0.2063812504247322,0.815118555279007
1.296943312031727,-2.4590983772867587,0.05,0.5162111271234701,0.5004754975359197,-0.7847120630433371
1.008734765728728,1.19085581838807,0.05,2.0718513965196754,0.36344856492888256,0.36650082425627617
0.27911093815743626,-2.878390154641868,0.05,-1.6960703007898592,0.09823611486680311,-0.9722489356865655
0.7134755281233887,-2.165042573512845,0.05,0.3643538853399263,0.2806475542846772,-0.7012723488847837
1.8901017634876947,1.2403870558127057,0.05,0.007067943091004445,0.6967064405554045,0.40284144911958464
1.2877523568655047,1.656137069575535,0.05,0.10053623882026191,0.47879675745582817,0.5395235829226854
0.5105311198286114,-0.5547637783049572,0.05,-3.081600241536022,0.20525295439648564,-0.159953788926108
0.7480894968886828,-1.4115633212593828,0.05,3.119927227865527,0.2820375879592666,-0.4286645410916415
1.2353251300775159,-1.626420691985082,0.05,-1.189919454767044,0.44245391876737633,-0.5233594258888781
1.7838075047304385,-2.0726612731569336,0.05,-1.6605080846902907,0.6461375059500022,-0.6634167078130199
0.6086208481062865,1.2691145368191576,0.05,-0.017774318940998447,0.22176562076808815,0.42961065220112116
1.1548576159808581,-1.485646566454735,0.05,0.6847031839868173,0.44007109413810636,-0.48399786284599233
0.8141068922108048,1.0429256767094128,0.05,2.965964324085921,0.30954669329460804,0.31402402269314234
0.5389606505406188,0.2495403440267345,0.05,2.6658437452268022,0.21462065293564428,0.0611341740705253
1.3813447351624164,-1.5996267925157275,0.05,2.3727209375042473,0.5262238886035576,-0.5008735029539493
0.34016910139550716,0.1616528470098783,0.05,0.37956192714065323,0.10838363269369045,0.03965150005662972
1.0189635848406975,1.2306869378959917,0.05,-0.5956343672177578,0.383916330892563,0.406655909025534
0.14774454810742016,2.6070152041441466,0.05,-0.4561622084603645,0.07346829707586335,0.8361475836128919
0.9563166865920892,-1.3625797402939925,0.05,2.697481710414262,0.36708858495157004,-0.42091102118317797
0.12696414126723002,2.8428718991066466,0.05,-2.399476682335963,0.04106397691140084,0.7771978250248477
1.6522517752681807,-1.9894026915190706,0.05,-1.2386108701547451,0.6007637057118025,-0.639965774760542
0.5414998529054026,-1.215949431510924,0.05,2.098608634639683,0.2196343719051208,-0.38241239303966973
1.1354374515536072,-1.6013255811657234,0.05,2.5070186408342723,0.4329232657495405,-0.49846728620085995
0.39048319458568764,-0.4749303245062314,0.05,1.2711579787424463,0.14952696111791622,-0.1902349979517748
0.30553264509327693,-1.9424936382200158,0.05,-0.6094096971365407,0.11068801526927227,-0.6704976334172229
0.40716984919265437,-1.1296261078514764,0.05,0.5973085823141583,0.15534362313219033,-0.39728279170506725
0.23090465057928933,-1.474098884025867,0.05,0.2390465170071485,0.09036805004281329,-0.5344859739356828
0.531792383830957,-2.2673073177724694,0.05,1.8604119918380304,0.20852799746542638,-0.6980245029304052
1.5434977788229554,2.2715523033063456,0.05,0.2511573183113443,0.5821098940209668,0.732212697619729
0.5409764453966932,-0.9273496519301517,0.05,-2.354479264566161,0.1992961010459171,-0.26576133949754893
0.9138128411244292,-0.15633860307229455,0.05,-1.1003049540704526,0.3291488198521145,-0.035201028428315004
0.19752061916188934,-2.184868592224137,0.05,-1.7022160690611556,0.057613228749095864,-0.7433086729717996
0.9799856800516679,-2.519162002134939,0.05,1.289047346389623,0.37908935146733364,-0.7922222546920391
0.4947237391101698,-0.06207006174050216,0.05,-2.347655602192617,0.19659722333604646,0.0029903303552692917
1.5036730708962451,0.7863289341263381,0.05,-2.675471048331677,0.5766585202518569,0.2470667328477346
0.8734728706858569,-0.3595894061203502,0.05,-0.7388348337833343,0.30752148467412443,-0.10733745083877393
0.8411498196981907,-3.069548085938369,0.05,-2.9114496744321876,0.2943540999603701,-0.9802321228815243
0.9356872635572082,1.6223230195659752,0.05,3.083782457540597,0.34630413027217344,0.4994105962329509
0.32411335653560325,0.5256838280366677,0.05,2.0902656957624624,0.1217993022662086,0.11856461309831504
0.5323025532922675,-2.198795057589347,0.05,-2.869713081906028,0.18368726947347208,-0.6798599335721965
1.3016771755406378,1.3366046894045425,0.05,-0.37188804622421817,0.48679449436077793,0.43749640098217546
0.25448428186987776,1.5320829865709895,0.05,-3.1372912994824707,0.09719363987494574,0.42648348534486863
0.3434306935322404,0.730179603412368,0.05,-0.7655099822887749,0.12762773695678828,0.2788145478740485
0.2802510884587031,-1.524717313093604,0.05,-3.0809171828257167,0.10556025051526155,-0.42899596310058863
1.2946343760828338,-2.2613515644397695,0.05,2.309132451737998,0.48425522906270896,-0.7077126409452509
0.5513053326867663,-2.608609078556076,0.05,1.0611833958290036,0.22119886214323542,-0.8168617846423728
0.7910569960845888,2.159439242567798,0.05,-1.5702225640598755,0.3097098669370849,0.6767711308926102
2.153457509211843,-1.5781152141581516,0.05,2.0384829205898214,0.8171156028468983,-0.4990180997465016
1.1811368115037706,-1.6559386801651572,0.05,-3.112254785402698,0.4373510763491649,-0.5136580813177358
0.48664139745413626,-1.5193309702772009,0.05,-0.5385627913396134,0.17126369479093692,-0.5123625707709412
0.9714799111934449,2.6751407800827067,0.05,-1.7933658752085537,0.36607790892075415,0.8358337011281236
0.7387133682627242,-0.747283872785812,0.05,0.4957709547713808,0.269207063720183,-0.25869051831268236
0.6857761628630057,-1.383594635806207,0.05,-0.1718042499550443,0.24901365118442498,-0.46267512692316365
1.099387130783924,-1.0655994517760716,0.05,3.1147275087420603,0.4184303826461607,-0.32700266974336956
0.6395975479532829,3.0054574854021063,0.05,-0.31926683263631506,0.2560675254428984,0.9524589901337837
0.5905662569721194,2.1129667236539804,0.05,-2.1705292669344667,0.2278989443771127,0.6489466451455413
0.8918610601528485,2.5462287236268795,0.05,0.9322322285734136,0.3328679850861596,0.8282568519993828
0.36111951596312436,-2.1870300722656553,0.05,-0.47227339877790936,0.13814201208642737,-0.7386659312293594
0.7223545183214989,2.0569692514237836,0.05,1.9304361534066259,0.25010551650217233,0.6577390005545514
0.8017580874885641,1.684571122421551,0.05,2.8075657503929983,0.29048687413109253,0.5178460075855651
0.6174794332315124,-2.0987846598599864,0.05,2.8267427053589844,0.22634472840324757,-0.6424883734212219
1.742653263294173,1.2540928350622127,0.05,0.08039327299324121,0.6408672402923931,0.40770487780614423
1.368366043994336,-1.2130192642423925,0.05,-2.3337556277607927,0.5008800915714896,-0.37547801002831005
0.6500161377385236,1.2122288393373115,0.05,3.0901387726861875,0.24789477854074357,0.36309460561866497
0.9630280533245688,1.6366545950349298,0.05,0.056136758062076964,0.3586655988444656,0.5374659303657406
0.1516594232041787,0.6679180618039863,0.05,0.10238727120193013,0.041887037579776874,0.28902776722915663
0.41005861305007546,0.5285313463679213,0.05,2.1221917102641648,0.15398842178556088,0.1297309668926726
0.26783546154191235,-1.2106297431632087,0.05,-2.700793385917528,0.09980463819905638,-0.32592207216907193
0.467358227331524,-2.4898114286332462,0.05,-1.0571486767961342,0.17216690105910595,-0.8266346049277313
1.1647840697810392,-0.8660556900223265,0.05,-0.5255536708455947,0.4155313912340674,-0.2804293566946632
2.1348322149818584,1.6321636564553623,0.05,-0.25285338768192256,0.7995582560270611,0.5265718523036218
0.5423182089547199,-1.8048601699200868,0.05,0.029518003283523206,0.20722652041217376,-0.6021044133458917
0.5474700800682347,2.1693752526897336,0.05,2.8651066231999414,0.18962770216535055,0.6705223358852959
0.6729735102971678,1.6142303704135632,0.05,2.3875842522849244,0.23723101658649673,0.4963952133163831
1.0297142525133183,-2.1738256726247847,0.05,0.5558027888329788,0.3998949359967579,-0.6978747050212641
1.0254855091355404,1.2818718936746438,0.05,-1.828588530295192,0.3998001512441051,0.4084931402584643
0.8533440043735016,-1.1589668439177734,0.05,0.7042354808041977,0.32307682120787945,-0.3864552594341599
0.8769524909153292,-1.651106551256117,0.05,-1.9022960788565266,0.30803524985777964,-0.5207892511155234
2.1299250743286255,2.046543819142891,0.05,1.8611162811433746,0.7735325717699432,0.652845306042583
0.9365461177242647,-0.9324501708232181,0.05,1.2234416898318567,0.35875861564757144,-0.310560848363584
0.8215884845771905,-1.1674574569011407,0.05,-3.13533115719556,0.313081012657005,-0.3541770767820292
0.5861115682260216,1.1978033693375605,0.05,-0.13888771720012355,0.21433752131554043,0.40815547981007866
0.9991399063859525,-2.7141651442611323,0.05,-3.0504176991966774,0.3539341869884162,-0.8584296823961672
1.132487375348796,-1.3321763648470126,0.05,-2.9151820112970768,0.42163579769788884,-0.41000905598829374
0.5274422673135162,0.17662419012826802,0.05,0.19759084556424403,0.17749234485374782,0.05552237273139146
1.2128324463804427,-1.8236853794875845,0.05,1.5461805009721288,0.46899112169568485,-0.5776422197226307
0.5511919517771826,-1.1082964747312,0.05,2.4734462981500323,0.22186122336255484,-0.3414168393056083
0.9860958456045126,-2.4465691273540995,0.05,-1.5309373122321084,0.35555890537380375,-0.7919656621650829
0.35156168219379275,-1.655258014720096,0.05,2.9593263139879857,0.13379211280475317,-0.48273299236951006
2.020857076879521,-1.4615233601706745,0.05,0.13468761741876673,0.7519499404748786,-0.47308385820527016
0.43448504225755064,-2.9875138440329723,0.05,-2.4394737082066063,0.1459750050874848,-0.9720880868388048
0.7955272297969878,-2.8354669446065,0.05,-2.4242218415125514,0.2787964442411954,-0.911041568105349
0.12106225573453896,-0.41570053963451575,0.05,-0.9959458547155845,0.03117204465396705,-0.02631765808180663
0.387105045974196,0.09483887441067436,0.05,3.0762565139353497,0.1622817322354192,0.024373033628137183
1.5425024679487436,-1.63284124618333,0.05,-0.2114378269970932,0.5709504205304656,-0.5299984764085554
1.3264806588212184,-1.9713753093574304,0.05,2.309950090682759,0.5011665681391413,-0.6167806309565024
1.3986768184703005,1.80062452411738,0.05,-0.16423432772318292,0.5273700367976918,0.583517516239008
2.0728085536834233,-1.3105489725156287,0.05,-1.3308452240406763,0.7519773629358278,-0.4170010147953204
1.7561945806075565,1.5633090361757076,0.05,-0.7213935062090473,0.6651796454109062,0.5043398862886129
1.0107588702322925,-1.8166406390645815,0.05,2.93760740308012,0.37542857263319124,-0.5625026204040748
0.794501641209058,-0.9160896373108459,0.05,-1.1729306987720585,0.27741631069891615,-0.2861824272677625
1.0775371659377193,-1.3913177315742116,0.05,-2.68018725771086,0.3958031717343814,-0.42850726330615824
0.19491890171715695,-1.5521641719475683,0.05,-2.6506508719985633,0.06611004939486229,-0.4135147379710017
1.8698646652555342,1.308972353252934,0.05,1.9515382390973666,0.6803278513267976,0.4114471555485367
0.7300645235224131,-1.4160809142309543,0.05,1.4277037812503701,0.2892200623601558,-0.45675547838233954
0.884098380656587,-1.8628465421158356,0.05,2.0779605313669647,0.34188123531513587,-0.5805543572895646
1.2674716223326987,1.7555333668597237,0.05,2.512169431176916,0.45784109396240963,0.5499313157020217
0.5695543953732587,-1.8862975592636955,0.05,0.10261072026620571,0.21993432045551717,-0.625035703204807
1.2878282806487344,-2.092289934928896,0.05,2.055166168436084,0.4889495903853365,-0.6557744243496716
0.5806969412349183,-0.5908810657780215,0.05,1.0512074271682252,0.2179863477833565,-0.2151888800642255
0.4756072613892143,2.4451369584768603,0.05,-0.13881229254024716,0.192828170483384,0.7945553780405631
0.9759363806734003,-3.026772231470781,0.05,-2.6048076049311404,0.34592840903876965,-0.9704568346704362
0.5921745670577939,1.4651899406245628,0.05,-1.596720845272667,0.2386722143521055,0.4683576318849723
0.11667909891465628,0.5079001669536914,0.05,-1.8971021131236956,0.05849223771686992,0.23014632072614016
1.0358175394773015,-1.5404106772377062,0.05,-0.39348668649830454,0.377797513193224,-0.504607433795141
1.545771031530408,-1.7630970168020714,0.05,-0.020967422914653765,0.5780953503961995,-0.5712975888971628
1.0700750035533073,-1.970883037712416,0.05,0.4762181380367846,0.412251208333194,-0.6365378979915459
0.4325924546183351,1.427879332421153,0.05,1.5566744336658747,0.14240164374747535,0.4491714275310778
0.706017917746575,1.5572484204965453,0.05,-0.7766497082344695,0.27563467410891784,0.5112064874839811
1.7738661869411987,-2.0040465740950832,0.05,2.2473884016967096,0.6679050163301267,-0.6299732182639025
0.8091070787770546,-2.368686157677635,0.05,2.585969659405331,0.2968730203903107,-0.7346167645737924
1.6189234102976875,-1.4091006962997938,0.05,0.7637781304045717,0.6125489832205425,-0.45649195981546
0.9828106182641112,-0.16303860592419142,0.05,-1.0774991928471103,0.3543208928731093,-0.038664071171854324
0.9129467840228582,-2.0150877854558797,0.05,-0.29283890025080916,0.3426827509302657,-0.6584982743988153
1.2524261592346555,-1.7591639269713275,0.05,1.2623548362486752,0.4840445811748506,-0.561423429277316
0.6834267805734353,-2.1325525761715776,0.05,0.11183097982710341,0.26605361233108493,-0.6962023118147433
0.967378194092444,1.365943841996356,0.05,0.2510488658438996,0.35183269278725704,0.4498978985615384
1.91772239663142,1.6905624409332116,0.05,2.494018765009989,0.7001320105841364,0.5320399601927148
0.14745002843559188,-2.678703680478728,0.05,-3.037817013000466,0.03797850259031246,-0.7976339431147874
1.0819144501885445,-1.0143809808321171,0.05,0.5185052524588165,0.40192360812261746,-0.3376027187887376
0.6037499392458285,-2.2869829034568987,0.05,-1.8013985993787067,0.20818447952480693,-0.7412373000124103
0.6883899656412193,-1.8093378735730512,0.05,1.054221458606244,0.27382812899540127,-0.5818607776934592
0.7054926990609103,-2.1971644256147966,0.05,1.911027758365956,0.2732529334517502,-0.681550932331982
1.217175652387902,-1.8467510966096745,0.05,-2.8171026544628726,0.44224561226556064,-0.5767986050889818
1.67294485435258,-1.6801183625347549,0.05,-2.69860472808195,0.6123651097936522,-0.526572147123321
1.719026831234409,-1.6954099593904257,0.05,0.7795201797200957,0.6537520950247646,-0.5452623363580469
0.7095670956999642,-1.8617488238240913,0.05,1.3354586154471066,0.2823401025469444,-0.5914482260230883
0.731986045313039,-2.4306200746317677,0.05,-2.667766806502489,0.25408415576581206,-0.7682196041889342
0.08589937827294733,0.08877462286328064,0.05,-2.247075126574587,0.046769114693088955,0.12081045687288709
2.0551636142206053,1.3015220139958594,0.05,2.1438655225047656,0.7517554042056926,0.40841413141469013
1.5631640079123308,-2.0927796108358336,0.05,0.6107363333599045,0.5979859870883043,-0.6703496298142103
0.6066565190397047,-0.1812459411343419,0.05,-1.2558204938109543,0.21728897247287213,-0.03372497151996938
1.142049720775974,-2.146628713374984,0.05,-2.1139522220938445,0.4059768155953969,-0.6837692707339311
1.152129521755495,-2.108293771569306,0.05,-0.19033458657590124,0.4349762462557002,-0.6838847103403854
0.8120658440836657,-2.4370410239690248,0.05,-1.8577065679223588,0.28650957162714624,-0.7870420505231405
0.7921761820075501,-0.4266543916508722,0.05,1.6218439151581887,0.3034838643986157,-0.153129825443765
0.9595301078748589,-2.95312650412692,0.05,-1.1313339011104087,0.36176749387146134,-0.9558579859655004
0.9070930118695506,-1.41662679077913,0.05,0.13330326817068539,0.3373337326770042,-0.4684705071442063
0.9293579494101055,0.8053342011299041,0.05,-2.1773631431038685,0.36385132264426157,0.25891878388371786
1.5282004177229085,1.803131662525783,0.05,0.23244202128855063,0.568406253920206,0.5843654901334258
1.586662832833199,1.582819404601679,0.05,-1.2656122465385053,0.607655559371626,0.5066408016622419
1.0694757854033248,-1.2657787962559097,0.05,0.5283537975324187,0.40210018925572744,-0.41726342398178007
0.800887278499759,-0.06531186091583015,0.05,-1.7700353520098127,0.300774154698481,-0.0012823134500409095
0.6747953608417097,2.376909667924062,0.05,-1.0494234452212994,0.26874295387742314,0.7504090869874761
0.20154298103276688,0.777780399872919,0.05,1.6491678995064294,0.06454385212088301,0.1768489907703428
1.3240877413796606,1.4826491516127949,0.05,-1.8110249678512502,0.5106065140115444,0.4701864483876038
1.4473502021014908,-1.7574961073897928,0.05,-0.5226271254926511,0.5322105631839461,-0.5699258257531314
0.35707591296934604,-3.125882424952745,0.05,-0.0150888073384747,0.15132160310580872,-0.9962033064320673
1.7635882704618304,-1.4935931513111207,0.05,0.2673212333498973,0.659374241552439,-0.4842378791695423
0.26496880020124863,1.3244038898982335,0.05,0.38485037246641324,0.08880897760594995,0.4756128593661308
0.4471227224239464,1.0249040090040173,0.05,1.1645774335660506,0.14783292762510966,0.32066496908072206
1.8215227668569343,-1.9890658115546878,0.05,0.8259048427401984,0.6947762811486331,-0.6358715850926374
0.7686158464275673,-0.10462866162488661,0.05,2.438996229738147,0.3012746811065198,-0.04436225168453593
1.7261472663770834,-1.5014057993436325,0.05,2.715461313866464,0.650734028337894,-0.46991295627348595
0.8861627803717127,0.9646085556068802,0.05,-2.9640344765633646,0.3428029436663163,0.2948171136915688
1.2073534001272985,-1.113587709773549,0.05,-2.5335563136146444,0.4464157721675019,-0.34135930844647794
1.4992771970079923,1.805217292932611,0.05,2.927786441723713,0.5495523026935917,0.5649144085344373
0.6729919277070067,1.866619277175921,0.05,2.365183302905595,0.23402698045009668,0.5820717624383541
0.815282401885803,2.7597954934643667,0.05,0.7382123971498765,0.311626425311302,0.895567799675147
0.3001924427930936,2.930832213830465,0.05,-2.085612919692057,0.10750371374628978,0.8801605271339505
0.5583023773189243,-2.3613679505245786,0.05,1.0066454612252613,0.22569886711067624,-0.7457615488640446
0.773671625077793,-2.0686165458745425,0.05,2.2757828148117025,0.29480746355970844,-0.639724692979936
0.8435338199843732,1.664681313483239,0.05,-2.9932889535150213,0.31513935412068284,0.5111270946422725
1.5001985450930604,-1.3047881697764185,0.05,-1.2675660154554766,0.5391205843703927,-0.41573537150119616
0.7617313101760237,-1.559012967698713,0.05,2.968085540227512,0.2871775773370044,-0.47598583552526075
0.026684839091840398,0.4540195395065103,0.05,-0.34647867164626006,0.013678498785841027,0.7154588973855049
0.562794165651651,-0.46908278263975983,0.05,-1.127354402571247,0.19484568943922528,-0.13072716119322572
2.0025449315957213,-1.788874859198346,0.05,2.6185253508401916,0.7502314762498423,-0.5618935151920063
0.19897205593897507,0.4186940168647421,0.05,0.5067395670908286,0.05547602637725613,0.12389512146416964
0.6037717995583626,2.5625959047155913,0.05,0.5254138019740604,0.23339971868128853,0.8383608061295118
0.5013723261686712,-1.0940407183439953,0.05,-2.559832646428511,0.18535960481885194,-0.3164476767646624
0.6958571126308893,-0.5234406257045596,0.05,2.09728380545475,0.27496100871972773,-0.17732629503623168
0.45346650063512034,2.7106263348824506,0.05,1.4358863271801157,0.1641178537427421,0.8973691237999982
0.8617444349409956,-3.0869607613874117,0.05,-1.7290371289141724,0.3169452972468678,0.9991338367519386
0.7307595951843063,-1.3970582680748431,0.05,-1.1828454083426867,0.25352610637226175,-0.44965860157950266
1.6398865305252233,1.694147525581401,0.05,1.7140362333092658,0.5910396766435851,0.5390648253379601
1.9045844738902218,-1.3047394769612786,0.05,-1.7676973003898786,0.691443027878722,-0.4114899448492148
0.7444800285582407,-1.1206144825694064,0.05,-1.7579175912584772,0.26205315015153924,-0.3432643036188309
0.524468713613593,-1.9071788897371758,0.05,1.5115209717059732,0.21290878368454122,-0.5994707907118877
0.6536348684602117,-2.807980793465492,0.05,0.6828461007195016,0.26052992054113344,-0.8860365271231692
1.0504335708618182,-1.7084528725563566,0.05,-0.11021683496036079,0.3914469341235957,-0.5589319695138808
0.5713441350060109,2.6732409012267997,0.05,-1.4812033019137765,0.22279526549477335,0.82837154529453
0.4831501956107263,2.7239828929498477,0.05,-2.0802488420790612,0.17886525938117845,0.8340728257111086
0.6676727257104909,1.549450655278356,0.05,-1.0047268349143266,0.2638782962919623,0.5056348554143008
0.6612993137307634,0.6606477094526496,0.05,0.9077931462796381,0.22785897409426625,0.20393807654015078
0.7006662584549473,-2.135216494269325,0.05,-2.148762234733928,0.24188520373094752,-0.6793291989304738
0.9869849408047896,-0.4403240353923411,0.05,-1.8979230980327335,0.3652765325520388,-0.12405886316138923
1.9932646486833248,-1.434455815448671,0.05,1.0384455941911857,0.7556627132404605,-0.4614556945375984
1.1025793767312153,1.6957055518952677,0.05,2.0565435341509617,0.3925453084232669,0.5344382095911511
0.6199487451848098,-0.4183197390058204,0.05,-1.898504986511096,0.22952995912669324,-0.10745637643028047
0.8313207142018207,-1.2485893957991059,0.05,-2.3353850014833237,0.3008422219962114,-0.38002196677919037
0.4017904850228637,-1.926048375146922,0.05,2.429105460231959,0.15683398303825208,-0.5776640229667975
0.793209561890803,2.536006533021772,0.05,2.240476965864245,0.27714475733701344,0.8134539337453457
0.9116139156813263,1.178497603392027,0.05,0.9029154109943838,0.3210437714938332,0.3801423303525093
0.872886511424965,0.42529433634098707,0.05,1.8082451491867517,0.3215409967576377,0.11728876892291057
0.8686137385908811,2.774842077665228,0.05,1.8709500342756598,0.3117496937281254,0.8981772960308558
0.3867219111253099,-2.208958608576546,0.05,1.3536965677011896,0.16090609530978903,-0.6880986971266134
0.7084325232882052,-0.8423519185999709,0.05,-3.0781936456700913,0.27521690334818444,-0.2512046424790358
0.6627167871483682,-0.7320705893624166,0.05,-3.0279422717872264,0.2590639018149393,-0.21592387819194797
0.7523755311024438,1.0788380462817864,0.05,0.4277487758483972,0.2651480768879413,0.356932418877396
0.5024032501373096,1.6596584122011848,0.05,1.486290244684546,0.1684887946761316,0.5343434764517409
0.39210874961923053,-1.8472480396723725,0.05,-2.401060438066602,0.13032346892004854,-0.5640980649817642
0.419118891430595,0.6738162708647583,0.05,-1.9815970869931785,0.1724586460390029,0.2305191602265393
0.861019110766373,-1.216529656229668,0.05,-0.3531295776432269,0.3083261562754961,-0.401823421742541
0.7565616376821362,1.9581613575035783,0.05,-0.8555596708010494,0.2989068272320003,0.6296767595385918
0.2553378161299308,-2.1688646938400344,0.05,-2.7565292723487804,0.08011753865579603,-0.6493144571420719
0.5114380298744524,-1.568318261005421,0.05,-2.8069448084608255,0.18490121920258556,-0.4689162326730499
0.47526696280067815,-1.3281072988865221,0.05,0.5397069340633721,0.1829843563517644,-0.45371631905348553
0.19660391783138925,-0.5844974452463264,0.05,-0.7355052162768577,0.054782529420060545,-0.16979724983765376
0.8376074614811099,2.1798491779938747,0.05,-0.264401445043963,0.32584511718604225,0.7055305973518916
0.8984502620505701,-1.9048878377702525,0.05,-0.6551285168937127,0.32860481353721643,-0.6234379778912802
0.15361223199689295,-2.0690266492861147,0.05,-2.0742290507867436,0.03851793127583624,-0.6577925259654108
1.443796604560701,-1.270871453990319,0.05,2.7594726883624348,0.5486342702087523,-0.3961584244995141
1.391808672385843,1.2045727778650792,0.05,2.519308341990032,0.5130085665887936,0.3722681452606147
0.9682631107739942,-1.3977466750315817,0.05,1.5971532738792926,0.3783465972511431,-0.44720234999846004
1.4931688869606772,-1.696985475917716,0.05,0.9907094551318383,0.5718447468496218,-0.5447040178174073
0.6135001489523059,0.7280614087836025,0.05,2.427994060744392,0.2311965659484884,0.20634431137990725
1.213312500445674,-0.6316977985032379,0.05,0.013135918207009371,0.4363335802763553,-0.20922679747346298
0.11769328992423055,-1.4922130812960173,0.05,2.089364233882396,0.06108442154323731,-0.43361531959732896
1.5231383514357795,-1.39388752389441,0.05,-2.8370789253975093,0.5641583493507488,-0.43328421817834945
2.224805859866393,-1.5814090947120627,0.05,-1.2518898982442734,0.8095003962987855,-0.5057432372759892
0.7490140123831803,1.5716060174429496,0.05,2.8612355933946416,0.27386912338799846,0.47948778421674165
0.8879088675948952,2.5101786201399467,0.05,2.444600586762574,0.3115326195121618,0.8002592212988558
1.8667323778398832,1.6773068197533159,0.05,-0.5975985590859805,0.7061273096747509,0.5402900417652182
1.327439052418045,2.231212283564822,0.05,1.5389609930592463,0.4793098591225265,0.7180964804117346
2.1022528712139783,1.7648713254674815,0.05,0.9251692560610035,0.7692206151942871,0.5675022700746509
1.8723641414635497,-1.5331389310795762,0.05,0.24552644049196581,0.7001183891201301,-0.49628306009126527
1.6613762873526137,1.6270245785142774,0.05,-1.5094140897976813,0.6361991236680327,0.5179459393551968
0.9648841556791293,-2.068724427398582,0.05,-2.235500670921978,0.34037751876947264,-0.6556098645851075
1.8592775138021922,-1.6953832200221663,0.05,1.6778179604958599,0.7092851134392691,-0.5377424794366485
0.9987079226816311,-2.932525826535691,0.05,1.1247522423303782,0.38287499743057474,-0.9211950631514121
0.49597576754367667,0.5712804027535121,0.05,-0.47291271812822905,0.17577167286544237,0.21098493240437002
0.6692930564424274,1.9508822337488485,0.05,2.2656375219896394,0.23120524337232834,0.6130620365231699
0.433700223352081,0.08272773750644673,0.05,0.48376839347402395,0.14429685168094256,0.010319860815261634
0.30656739738589706,-0.9329508576365375,0.05,2.3724070748288555,0.13233894479020808,-0.28967799361960556
0.2760159608079171,1.5854591832844689,0.05,0.9105651027751827,0.08885786901494735,0.5463895529864072
0.7757452159667144,0.13257772184966732,0.05,0.8217240572955596,0.27429036651867306,0.02848042482707975
0.7138754183318838,0.4341165475535584,0.05,3.127908160192403,0.2822506325929227,0.12910613431298149
1.749256381140348,1.5358575257731588,0.05,1.768209502544169,0.6322077989238419,0.48672365595926426
1.7642719202254227,1.6598679830668575,0.05,1.6074906872461765,0.6373020399865347,0.5288384233774251
1.744062680656743,1.6025194133990672,0.05,-0.5361218172850619,0.6585334962462805,0.5176729088611404
1.941207672723177,2.0836076518511897,0.05,-0.6469343259113614,0.7387149378144321,0.6664332396328863
0.34968256825474964,-2.6628079430015648,0.05,0.04208579090986361,0.14704680863692304,-0.864623946610622
0.9158765627421689,-2.3041343091109656,0.05,2.566144789860775,0.33805071409833026,-0.716135995128169
1.4506796021514246,1.6627532788274861,0.05,-2.655346882411669,0.5466958796027905,0.519277203213149
0.7726969685619136,2.581043572871751,0.05,1.9353235996975382,0.2726323874383525,0.8346347620502129
0.8992398920301655,0.5972479385326264,0.05,-1.2445802543868982,0.33973858578498994,0.20689695256449736
0.5053814836339571,-1.1308607931385044,0.05,1.8089201268501471,0.20611796371098234,-0.36571817319738487
0.6059539857474803,-1.0121281810019855,0.05,3.059574919392478,0.23684144586158704,-0.3021302375604951
1.0881103556369236,-1.5272461537468358,0.05,-2.027707361529247,0.3882966002227993,-0.47882565231132557
1.9866810461533289,-1.1827259201752622,0.05,-1.1419522047495814,0.7199716264706325,-0.37680832811459564
1.655615667609892,1.0817878319045273,0.05,2.4389956728318873,0.6118003073082878,0.33489141860103094
0.7855003037985444,-1.6330672989231347,0.05,-1.5841986849294014,0.273443884976124,-0.5208784236914369
1.1910787975687795,-1.609136530502049,0.05,1.3434012248542104,0.46104963152776207,-0.5146157592942775
1.5132085948351486,-1.5640239633836361,0.05,-2.9125557753731077,0.5587279261409492,-0.4875136597686918
0.6976106533084648,-2.690391037535188,0.05,1.4194209992022213,0.2703036643783565,-0.8383349578198072
1.3034547041751339,-1.6374163060452938,0.05,0.15513329160905887,0.48898006425956886,-0.5330119804038671
0.2891863126773468,-1.6670102853265563,0.05,2.3121666256363373,0.12073648914295544,-0.49413479327393467
0.6670117897674198,-0.591108105165528,0.05,2.2001831062296375,0.26549495092397185,-0.19580405877215132
0.9099101536327829,2.0392921478569104,0.05,1.2315824622431988,0.3256869557998621,0.6622595031921411
0.849040115527511,-1.3704428859743276,0.05,-0.24637694668222507,0.3080546392405079,-0.4535554143253858
1.4948221506323645,1.101694501677123,0.05,0.9344200932069848,0.5373769555023228,0.35251338247917463
0.39660796787117303,-0.2957563210993422,0.05,-1.5603317068494011,0.14293756863873824,-0.05457344597854609
0.5130552913652638,-1.0393481580213781,0.05,-1.4190952493352382,0.17360049109907993,-0.3181980061307216
0.8652725342611418,1.89279672126893,0.05,-1.9982287184797005,0.33550902195152355,0.5904800035351673
0.9490078236486993,-1.513382919611453,0.05,0.23176088257665012,0.35648558600193,-0.49807718529749784
0.7435924440281748,0.5694823013602536,0.05,3.1282598184141928,0.292126492472193,0.17012259764869186
0.809560715122754,-1.3047632637748656,0.05,1.7629310298859895,0.3194915172256077,-0.4166863003122441
0.4838469720174921,1.3445611975341174,0.05,-1.6486242424968842,0.1982708579452117,0.4323995993460158
0.5461557878061208,-0.6646162675038605,0.05,-0.005493256796531252,0.18868172896014684,-0.23076952523552768
0.9733501951230554,-1.192997028768629,0.05,-2.326250937661049,0.3543646687401337,-0.3646137135971564
0.7578751781571543,2.5107989294535287,0.05,-0.4102205006583976,0.2999025878556688,0.8035285685476529
0.5018974452091591,1.3826729998585734,0.05,-0.814245139003679,0.19804484067246195,0.46434957974550206
0.34244942077461077,-0.65412425997638,0.05,-0.36654838616106394,0.10960741844285601,-0.2235302180619242
1.0608717700020736,-1.489819807068276,0.05,2.663861716439414,0.40453625406633037,-0.46181968187994565
0.5144266325923865,-0.7654916861365842,0.05,2.008157053862398,0.20868708071211878,-0.2538631986943415
0.5337734717883393,-1.535470258046445,0.05,2.412839736798194,0.21171466428924132,-0.46856438540753853
2.0165804041605297,-1.4870869937325453,0.05,-0.2410985765306381,0.7439350044352359,-0.4808923826652414
0.9261229892586558,2.574006292606369,0.05,2.15635221974577,0.3273808168200533,0.8266627557376905
0.5453544275532237,-1.238859788857296,0.05,-0.8683918897209181,0.18552971906169594,-0.40588967394527264
0.47897385692988415,-2.3198636636854975,0.05,1.0912561210464153,0.1960359842202204,-0.730398247826242
2.1651279798308187,-1.5542221842450958,0.05,1.1378903141133696,0.821661117001294,-0.4978530251256363
0.4319938589381711,-1.30200580155433,0.05,-3.098497682498184,0.16574508583662428,-0.379580356414702
1.4412548266920895,1.296779193286897,0.05,2.1230549245868744,0.5233658490855155,0.4044630047273588
1.8259497679052352,-1.3372287294431657,0.05,1.7609783933226124,0.6973620710622719,-0.4260210996476927
0.4945251954728111,2.848738449512368,0.05,-1.3776061210284913,0.1932213224320657,0.8796745620000088
1.52603115484376,-1.8735339635045758,0.05,-2.6449354809280563,0.5541234405727193,-0.5889201254905868
2.1149221517515002,-1.9660991946566349,0.05,0.46716930160434794,0.8004239889943618,-0.6306377905667994
0.4197459565712876,-0.5435403251189228,0.05,-1.4034820584975891,0.14459916042423474,-0.14195804419182112
0.9219435190339097,0.797228348008254,0.05,1.146830170130504,0.32532923942695563,0.24753602171768926
0.47866067169992954,-1.201492803015467,0.05,-1.4785342612879424,0.16014288271722538,-0.3723403653678448
1.2166943043857843,-2.0059944984715337,0.05,-1.7436320687275795,0.43437816787672084,-0.6420606602755188
0.6099523227368258,-2.708824448828734,0.05,2.9174019209059647,0.2123332642010706,-0.8452203684333381
0.7932129000506248,-0.19570956641874937,0.05,-2.894270819985142,0.311769390308747,-0.05416021261597676
1.3011478221496928,-1.5435806810510775,0.05,1.0619739925074887,0.49976852379791703,-0.4973837071916943
0.8288827848716303,0.9285200568505583,0.05,-1.777829612458609,0.3250837605364172,0.30323155765346144
1.0615823694890358,-1.8585373008633213,0.05,-0.9796316675214968,0.38304916129607014,-0.6034875478772997
1.3058820493068495,1.319078922246342,0.05,-2.003505543359054,0.5037528702037353,0.4177616972884994
1.2125711362201255,-0.8536148803423159,0.05,2.2587879226948893,0.46934969512501407,-0.27208196541702157
2.0845147696259385,1.1077834423018285,0.05,0.289316114703261,0.7623318459485905,0.3582851014653623
1.3284419849208988,0.999623263768344,0.05,-0.7129052133983189,0.4968111058627357,0.32998228485006315
0.6324254623802821,-3.0349434635493893,0.05,-1.9095289642531375,0.227713577601173,-0.9895214667785972
0.21747707502802732,1.9128517251728143,0.05,-0.723618787504286,0.09752824157490374,0.6382780042001357
1.5731157262625337,-1.1628311367690742,0.05,-1.5824989637627074,0.5678774601259289,-0.3658953504271
0.19120549938822115,-1.1957224365004626,0.05,0.6465712134027388,0.07814404177252368,-0.45420409533638895
0.5678071062994041,-1.7346261846293407,0.05,-2.243161191085251,0.19505548278693474,-0.537374470462249
0.9151032553092395,-1.589252629449584,0.05,1.7188327197749762,0.3585306528571197,-0.5031399717586622
1.2136567486928207,-1.4852085379252142,0.05,2.1156637492411225,0.46790726048957987,-0.4671508496853631
1.2484596592049495,-1.4518793433154953,0.05,-1.3800174687854732,0.44557400863924673,-0.46310094454786377
0.5291533736085753,0.5907925295846586,0.05,0.6822003499630988,0.17820960580742007,0.1850245510986839
1.745102086669174,1.948184878699583,0.05,1.6058500031256748,0.6312588725517029,0.6232728239063099
0.1913847745197638,-1.4410358697908425,0.05,2.3190130597229763,0.08696157728153557,-0.41914836600399485
2.164999594080077,1.972333160460329,0.05,1.9422795481960897,0.7862537942461568,0.6280392624986185
0.7322520119757394,1.2757844158290448,0.05,1.0646242470510927,0.2540680084981983,0.4109758578225824
1.1676648809616919,1.61353531194091,0.05,-1.6855763710689118,0.45244279930684295,0.511552877418659
1.7208120617525542,1.4241641276529473,0.05,-2.206593467644741,0.6561727538194819,0.44908852891121726
1.1048009458645254,0.3948203194391233,0.05,-1.8907727981579472,0.4231229395696447,0.13623750307836915
1.2740584345589474,1.7709814986327352,0.05,0.7943239610781795,0.46347854013449613,0.5743007645301104
0.7648856942580403,-1.5019255137043837,0.05,3.044263663905751,0.2880031162145405,-0.45780378800105437
1.284874394306119,-2.0762516253222083,0.05,-0.0425259373321109,0.48623355560551457,-0.671780931606449
1.1087017873532985,1.9596891328322614,0.05,0.2879464863348457,0.41444272414224326,0.6379963616746345
0.4365980650940644,-0.8183621594888613,0.05,-3.0133825715981533,0.17382337707873557,-0.2328392639308734
0.4555787622341331,1.3258413264947628,0.05,-2.619435184229472,0.18275142792242438,0.3987003315565305
0.4259157216439567,-1.138047975789109,0.05,-1.401143095352762,0.14046842158225786,-0.35129557288701524
0.35128792551498517,-2.2577216117501435,0.05,2.583456073034402,0.12952150413224528,-0.6731990946592447
0.31210005861423,-1.3113753210711412,0.05,2.262414286006861,0.1331283917571238,-0.3987976723714461
0.29012804868840975,-1.51640350948828,0.05,-1.2100662386039027,0.09030640758742867,-0.5024565834623267
1.1772865805101949,-1.4969990705293297,0.05,2.076843711563918,0.45459749034811536,-0.4710572000613723
0.769870465296811,0.8933778878745294,0.05,-2.1829264449298376,0.3047473715433124,0.28563766183090344
0.46306904055545683,-2.228712584816474,0.05,0.6611772669586041,0.19020263552210176,-0.7171691989799307
0.6991393582881992,3.0023681022731155,0.05,0.17929700965281464,0.2776165439551823,0.9623580381665411
0.3135763759269545,0.8988027760625482,0.05,-1.0142355159490337,0.12405097114399255,0.33117671885225153
1.6390615341198183,-1.3559900675768481,0.05,0.43790304481149317,0.6136967842364496,-0.44102830351471145
0.9133830167914953,2.001278421774009,0.05,0.1931011528574995,0.34439273490539335,0.6537322419763892
2.119686084254665,1.8228653746305181,0.05,-0.7932775090422995,0.8041213409464039,0.5839268263522851
1.2076017930576548,1.994873178312962,0.05,0.6036355484209999,0.44597812554104455,0.648044662610321
0.48923660043491174,2.0469811462719916,0.05,1.693464748409347,0.16456026567321858,0.6640246204258644
0.7277174382082451,-1.8694277126848438,0.05,-0.7715378801713256,0.2625827447150776,-0.6151297844992428
0.6608855429774877,2.3028533631553567,0.05,-1.8380853853093129,0.2562128215336317,0.7135855892719041
1.3539161405220095,-1.1512153783479606,0.05,1.0248693434797134,0.5141180133443939,-0.37590820971257954
1.0076892079029818,-1.3694166979718245,0.05,-2.7069931836470427,0.37075121120660204,-0.42036649264323994
0.8838937736923355,2.0331296274015678,0.05,0.24376934568696118,0.3331098744871956,0.6645128255050021
0.598027517985174,-0.8177641971996212,0.05,1.0356813896026973,0.22819827439690765,-0.2852262885515451
0.5206519054883335,0.9528775250987801,0.05,-1.853659303611185,0.21119310624257387,0.3125235148806017
0.6949117512331686,-2.2834689319061763,0.05,3.104059588423864,0.24714058931882227,-0.7081519625522773
0.3624468693477768,-2.1278465695090367,0.05,2.2055578944457017,0.14266447299755036,-0.6386909731989885
0.965086503998453,-2.1249156566465546,0.05,0.9623855563312678,0.377329538835311,-0.6772325354130115
1.3426390408571736,-2.119839414611278,0.05,-1.8314349885304126,0.48133167137430266,-0.6782620464659659
0.2658776201164271,0.37461949288247104,0.05,3.114196262555376,0.11617260231347289,0.09930488656703437
1.335672427827857,-1.2439848830176308,0.05,3.1379091017422986,0.5028717451720586,-0.38484163956519774
1.4424302398843067,-1.5114140323485918,0.05,2.1163888034932556,0.5527209395028484,-0.47609588986339096
1.4807069854921606,-1.6126205098246276,0.05,1.8991593252546843,0.5678167618352626,-0.5095431817366711
0.763625569292258,-0.8127117337885854,0.05,1.6367839865794411,0.29842209087497445,-0.27134958721919467
0.5311294931633689,2.200040905835816,0.05,2.4910030119495925,0.17971892634065845,0.69084918226669
1.3448807655909862,-1.242018160078858,0.05,-2.389556893017946,0.4926128356101055,-0.3843938289112708
0.07724991940365952,-3.007623303529296,0.05,-2.7362239579676952,0.011903565604926772,0.9051628284308495
0.3827987539308478,-1.8321408570915871,0.05,-1.869395546335884,0.12373184302948358,-0.5814075263835742
0.21071521748839703,2.2928260514133014,0.05,0.13304603872201862,0.08999544355752064,0.7847669441224109
1.3075789991463769,2.0267459669156587,0.05,2.4296679302592152,0.469046604877897,0.6401870399748121
1.490117126808368,1.5954522316062556,0.05,3.126904430456122,0.5535274576166522,0.49716569155617
0.7710181394997717,1.1789464624096242,0.05,-2.405932325912017,0.30351940104636105,0.366908551982582
0.20840993552409495,-1.24098985623206,0.05,0.90514910937191,0.08896707721137137,-0.45110515893627157
0.19452429076858008,0.43645929573421055,0.05,-2.5976471109795565,0.09081584824195278,0.1459189909715185
0.6649261112554646,1.6983125978147342,0.05,0.47933987536112166,0.24141044579412985,0.5636167599687547
1.0394495181041659,-1.6267255076881764,0.05,-1.3770068450082016,0.3684302793374425,-0.5217715420316986
0.9489379389336335,0.6783211680233587,0.05,-0.8161814551533677,0.3518367770347359,0.23269133196899142
0.21803306726611432,-0.3122135451815614,0.05,-0.6894228941625399,0.06413901991553493,-0.06533922942987642
0.2685610344339172,1.5313347082370328,0.05,0.7939539552570666,0.08698033035729012,0.533332221894848
1.1848303171056402,-1.816922450864135,0.05,-3.0049242473434443,0.4338574713798587,-0.5656909752798774
0.35421776264520405,-0.1662050746923285,0.05,-2.233057891222386,0.14147392419635563,-0.016042468423575165
1.8954911461515476,1.719532916642656,0.05,0.12268313026724861,0.7053725342361679,0.5557302743807567
2.2250223529412723,1.4423153910705904,0.05,3.1306139414306218,0.8295302977802682,0.45201944586375653
0.6949025776821506,-1.501491122114973,0.05,1.8440458953890184,0.2765558628913579,-0.47360640228811074
0.7830737849582947,2.797990791520263,0.05,-0.7283185068441714,0.30841311028711477,0.883427896879881
0.9366318499500794,0.7769967986649614,0.05,-2.6041586392013856,0.36627337203243737,0.24349283750801073
1.0136344661158794,1.454881769939758,0.05,2.8197187577418843,0.3734580272200594,0.44758935322682897
0.42433643252091824,2.4229442432749413,0.05,-1.158237699369951,0.17474520806668534,0.7568332627067478
1.0438652050762915,1.2097719925140527,0.05,-0.0368806959064907,0.3825399397721411,0.39974860466578976
0.3230145235519786,1.4307173980866557,0.05,1.4049565684177405,0.10149968426121717,0.4569129618771865
0.8518430500644179,2.6000462795076276,0.05,-2.8672064480169235,0.3042357915354078,0.8134510830160594
0.7669851078668712,-1.5829473046865727,0.05,-0.9221997346233545,0.2706896920352979,-0.5172857217071741
1.1368585862273386,0.9921434355515593,0.05,-3.034698725977534,0.434629815348876,0.30526981675946596
0.4092171765367764,0.3046992012475697,0.05,-0.29564024322736426,0.13719053301794515,0.1213757243671846
0.6303743848440841,-1.8866975265841202,0.05,1.970265484996898,0.24866962648376387,-0.5849426057781026
0.9839661781099525,0.926238051436243,0.05,-2.4838331112419962,0.3837398401682928,0.29074073662463684
0.22989389840147942,1.5069215229043742,0.05,-0.9541325499084979,0.10059134644566749,0.5167606267901191
0.6786825444616191,3.131536656463952,0.05,-1.1800752950108446,0.26011354680042303,0.9758403790398609
1.6350294369291358,1.8781795287676764,0.05,-0.22059089502813134,0.6173904771638591,0.6061222458977799
1.420294779379689,1.6212665526805519,0.05,2.6951166388376246,0.5193862877342962,0.5060499883385877
0.5744448792657324,1.8223077358715083,0.05,2.985738925686171,0.20688923161697226,0.5537712760944553
0.20452405867364995,-3.0857765302975273,0.05,-2.319770075496769,0.0639473809327526,0.9531825456218873
0.38008970529526626,-0.8343920100700903,0.05,1.2906714816842626,0.15190460723162477,-0.29877311755786234
1.8466157425655176,-1.6500117858768433,0.05,-1.187615368003354,0.6698901436968683,-0.5291551150820606
1.0000889121149472,-2.060099492817433,0.05,1.0875193722231733,0.3903673038904633,-0.6556587003116464
0.20604214917197022,2.9278392632628565,0.05,1.6968149193276905,0.07254935847081359,-0.9903820629837736
1.667435995867136,1.4885459923328925,0.05,2.856649935307427,0.616391864140365,0.46441537268392385
1.65329110238407,-1.7130752596039853,0.05,3.0914498955519965,0.6131756121899887,-0.5356792430080386
0.19686746268796756,2.5135109414844528,0.05,2.138132516256132,0.056305727147297764,0.8386945489962647
0.7774026236246762,-2.8482647890380823,0.05,0.42676528478884834,0.3074293306773875,-0.9040703967211288
0.44179671832692247,-2.6384304099749403,0.05,-2.3214598503516775,0.14668973618497946,-0.8524133453817159
0.8777814216380612,-1.5091991772672193,0.05,-0.3490515647940437,0.3193476939281254,-0.4973877539277148
0.8580218566806574,-1.8354978776103332,0.05,1.0518458095656138,0.3369894860246879,-0.5886731861703003
1.7445120391570503,1.2458894388019313,0.05,0.9059253187368017,0.6310243830150323,0.3997054631603475
0.4148332746727818,2.7681858255079175,0.05,0.0008319219585422346,0.17164851505494394,0.8937448107852625
1.8554500280128712,-1.1256858715658709,0.05,2.8222325132024175,0.7027517698102146,-0.35224009316611865
0.7944169364113114,-1.5234006756426304,0.05,-0.6119496808450525,0.28431549613289564,-0.5013687314143982
1.3407272255057168,1.574703292559359,0.05,-2.3829931166670515,0.511324471028763,0.49281336556996563
0.7238500557072411,1.9096631893641465,0.05,1.0709583337009534,0.2570370104290822,0.6249934021293497
1.6433563517054774,-0.9944978358923818,0.05,-1.2035313181119405,0.5927429420302059,-0.31448714522641535
0.7626467197816301,0.6893219852496717,0.05,-0.47484782521286734,0.2766874158425271,0.23907036564510734
1.472558952457194,1.828551600153155,0.05,-2.8468020766737285,0.5484225597278317,0.5712630991240533
0.9055131758502222,1.117578110072693,0.05,-1.6210340374310537,0.353795539852456,0.36229476722480064
0.9256260457932958,1.1858756046620256,0.05,-2.027853483935729,0.3626403966385731,0.3763000281404061
1.2060039492587704,0.9611441321310842,0.05,-2.7067628224129505,0.4644942958051419,0.2995425186631781
0.5804707628442975,2.4066894729034116,0.05,-1.184186921989297,0.23267120149383116,0.7550266031692132
0.9070835870713871,-0.3354457179750838,0.05,-2.189748523466156,0.34286983689466055,-0.0902011099314195
0.6131165988092246,-2.6830328932205756,0.05,2.5108035760001486,0.21993515978440828,-0.8301702354999736
0.8220518879569194,-2.5364527002818957,0.05,2.362454979414237,0.30270023207343133,-0.7881594302922736
0.4913892966069103,-1.3091058599026348,0.05,2.975505658884198,0.19113328015081152,-0.3884987599415267
0.954911689690328,1.6458558330875277,0.05,2.213548506922588,0.33946109309120215,0.514519347064289
0.6040500079453968,2.1482202452307524,0.05,-1.7589763996197079,0.23830308074544315,0.6665863703667639
0.373663752017585,-1.9913943619871148,0.05,-1.760016992211377,0.12089158952281692,-0.6451058836211525
0.6937807885874482,-0.2774286692399844,0.05,-1.3050012327411833,0.2488125964842115,-0.0679383623358797
1.1618109330622381,2.0374285931283365,0.05,2.04327771966601,0.4133129467773055,0.6484499343003193
0.44208397134603306,-1.5712208777528858,0.05,-1.516659899212468,0.14578730658057149,-0.5023483266942603
0.7986929721439459,1.2447284955371671,0.05,-1.522673705248455,0.3142865150619953,0.4030909320040688
0.7792869143208859,0.898821211200684,0.05,0.3262084873739764,0.2742602563380108,0.2977950516372379
1.0926009508234358,2.294355120401112,0.05,0.39950983101682364,0.412466231701528,0.743917795416537
0.35007139799301096,-1.8671901745343231,0.05,-2.434276803481688,0.11489486578636249,-0.5666480879563931
0.9695643321907753,-1.6020831125562314,0.05,-0.2645852892754557,0.35659449724203224,-0.5261081229525016
0.5157613752438235,1.8731723175319774,0.05,0.7211757430573478,0.18495521295609074,0.6255149589237883
0.5542512984856873,-2.1122790684909134,0.05,2.3036453071335936,0.21221734173766366,-0.6456646417576958
1.4380849323033518,1.5555224309595967,0.05,-1.4888948864839937,0.5531066730032239,0.49617601188336435
0.38521525266219175,-2.9535718041475625,0.05,-0.6824534297172883,0.15583105976196282,-0.969222894153846
0.9043193836977271,1.5952437095708283,0.05,-2.867593844853244,0.34124439300997295,0.49097297788258526
1.1937037811456002,1.53351602198424,0.05,-1.6463141428373183,0.46233037239881186,0.4876440958530126
0.6977471988638408,-2.148808028544512,0.05,-2.763043452048529,0.24443057705186638,-0.6700319756790597
0.4869896805002629,-0.4218973567909318,0.05,1.461264191341729,0.18758492555137574,-0.1643530837073926
0.30370196402347266,-1.9890954516442294,0.05,-2.134122039713149,0.09454629448797552,-0.624103801453208
0.5889656167067902,1.372038639541477,0.05,-0.4847393184541937,0.22489790125369558,0.4619991780720906
1.1751565932055243,0.7203978945393732,0.05,0.8820333172685456,0.4185267950259109,0.2270347157108423
0.9991347946615231,0.3180414635412539,0.05,1.6229911417789553,0.36698067641304083,0.08567369714429605
1.6977257681714126,-1.892722730561541,0.05,0.06593763867840348,0.6383867144313057,-0.6110529201526768
1.0173510071005916,1.39192236584913,0.05,0.11148638378448533,0.37330094750012904,0.4582542304440251
1.7322191392567523,-1.7670071739917257,0.05,-0.20242291998774087,0.6441004113640132,-0.5716426932249942
1.1289113654434861,-1.1270811114776262,0.05,0.005400429792242838,0.4121247123467214,-0.37176374928592504
1.3411582968956886,-0.6883168137356981,0.05,-0.43696237733954135,0.4805908135663301,-0.22216003064244388
1.5266345922267641,0.9064824674354587,0.05,-2.9483675911856624,0.58170570433516,0.28188694132001313
1.66737523055976,-2.0368875457692543,0.05,-2.1275882762534724,0.6013334925415775,-0.6474702572143218
0.6140839113936783,-0.2535295504014913,0.05,-0.2648844310730967,0.20969792579624189,-0.08038059587996571
0.5260526300408923,-0.5271767465718727,0.05,-1.1875009280140696,0.1812373759271736,-0.1477686239260929
1.6313856934469861,1.6356322816896418,0.05,-1.9126553260962953,0.6235776828408925,0.5168845905028117
0.5535799929939069,-1.8209895244390575,0.05,2.765332081784734,0.20894414915153764,-0.5515107186473446
1.0600632225526374,-0.9689460497742457,0.05,1.4319294323811107,0.40798559395745027,-0.3182127403497296
0.903859052732563,-0.44388429253326767,0.05,-0.5950831648542083,0.3176441198767216,-0.13848716219123064
1.0000495723997918,1.6295680807634862,0.05,2.414064837421632,0.3588508879411714,0.5070571462524942
0.062092867950845114,0.04797349894728036,0.05,-1.1160398652050312,0.02321196659192957,0.27828671098463686
0.9307281893048479,-0.8478446965189567,0.05,1.4404054286162593,0.3584898878479559,-0.2823160342764336
0.3802522912025024,1.5713060820489635,0.05,2.9265427288866355,0.13857668512634008,0.458335025424705
0.9904888929389029,1.8038948749180126,0.05,0.6033384948174144,0.3619009195126003,0.5894441451401227
2.367501890999359,1.8770195231168294,0.05,-1.38274893145231,0.8985726199475849,0.5966975658697773
0.7417827095289516,0.7686014878654416,0.05,-0.7418706862630982,0.27526106593696564,0.26612492239477425
0.7794595829985776,1.7212391084371903,0.05,-1.0373108665513022,0.30708088204982636,0.5550889881127345
0.3102253501541907,-0.6909141680438384,0.05,-1.4423674888112747,0.10253195187567075,-0.18042869275121048
1.5251532101531977,-1.5955549472175672,0.05,1.4200285223168174,0.5854161020189186,-0.5091510683507827
0.4340869431732647,1.4585013109939893,0.05,-3.0259907969920827,0.16655717588917535,0.42958276305599374
0.7020028710394535,-1.9756195239359087,0.05,-2.138449595612028,0.24264482493985992,-0.62490627166826
0.5471289335594256,-1.838357263276337,0.05,-2.6473862901180536,0.19103870246748283,-0.5627380331110374
0.8609201881891394,-1.828384368630745,0.05,1.9907963540943807,0.3347287426000299,-0.5709094515357903
1.15413931892898,-1.1971828365181394,0.05,-0.03783402735839567,0.4219583583668367,-0.393930044132309
1.4282336803203162,1.4665405774354887,0.05,2.034207499241996,0.5153667197499144,0.4606414312005533
0.4865583685354301,-1.458485667798493,0.05,1.1932572632604341,0.19747201058562927,-0.4783516629356301
0.17503507545851832,0.045501977447923704,0.05,2.1677630529928527,0.07646433050562253,-0.05190252355865356
1.4612488408189896,0.927522309110884,0.05,2.4611984743930644,0.5428432524573699,0.2843457328013617
1.1357603366971445,1.9728290723429318,0.05,-2.871725033325677,0.4201704686574065,0.6140080380753985
1.188010498992229,-1.840430820893317,0.05,0.7472166527144521,0.4575518064788077,-0.592630079431169
1.4297647184804025,1.132243487278151,0.05,1.663097832483928,0.5155676610488724,0.3545941268580725
0.8899965308749549,-1.5898267494842562,0.05,1.3511933274072971,0.3490881048567403,-0.5094343044130138
0.44340640260759484,-0.4451307693972112,0.05,-1.420382404912455,0.15517314783537967,-0.11007303579550089
0.7409455593135426,-2.291611947055091,0.05,-2.3634030764373644,0.2569084235880598,-0.7277908176245576
1.6535404110361964,-1.418345973456018,0.05,-0.08516215167405156,0.6105911888925013,-0.4608925171701848
0.6350495948238349,0.34579558674904054,0.05,2.232520524414262,0.2424974429366139,0.08685874264497945
0.9190264193672641,-1.478262081148003,0.05,-0.1747219385253876,0.3372137290273146,-0.4874759134133047
0.6447323773831592,1.739547060936123,0.05,-2.6809363870701537,0.24567225969887582,0.5306305133687579
0.8279195918960844,2.3589950846101373,0.05,2.586457710625499,0.28969854259881467,0.7462857610661922
0.545076044373831,0.9285695919572375,0.05,0.5030222203301007,0.18585935435108086,0.3087180742976709
0.593923932708765,-1.6101815137808784,0.05,2.099327846497549,0.23667040716076615,-0.49908626715583404
1.3313867944992495,-2.4411740126313504,0.05,2.9972037690882765,0.48279978769069415,-0.7678839997899211
1.274101210966232,1.5011035836166038,0.05,-2.6527842656901557,0.4837501940817721,0.4674421354189826
