distance_t,angle_t,angle_act,distance_t+1,angle_t+1
0.6212022059312534,-1.5048922258741209,0.8478404026331056,0.6573929437727323,-1.558885451998761
0.9744299145550694,2.4156597803149027,-2.8782070323348936,0.9478882690738168,2.3715658333956116
0.4487838285738828,0.4840580359594523,-2.879509076732632,0.4976788134422297,0.4619379441656408
0.852054363096019,-2.5773733394149234,-1.5331697574401204,0.8280538542768253,-2.629599270489655
0.978860132670395,-2.497563405258685,-1.881875606472627,0.9384856557352566,-2.52833698828159
0.620761675221036,-2.151116825420085,3.0783274845172683,0.59762815216495,-2.0783251824652007
0.7808940414482943,0.6467669018396769,-2.173148332581776,0.8284801888049799,0.6658486840230653
0.08491749036716818,2.9592784307423505,-1.9305005609177048,0.09062293532510078,2.385179215666809
0.6846248865287107,-0.1789632625573577,-1.3222621611731558,0.6654525130088734,-0.11053488510068708
0.8669521174098797,-1.9443450457234863,0.22804115110627526,0.8961983430930415,-1.9903576194267867
0.7164474751967435,-1.5242027848258761,0.8370589593008534,0.75280377892981,-1.5709460998154396
0.13915082318857655,-2.7476818988297964,1.8166407936623052,0.15464729554646026,-2.422185992543501
0.7024915017712997,0.522219395900666,-1.4932119223575326,0.7254036559034898,0.5844848200223915
0.133381083896935,-0.7479765349929494,-1.5196569725490165,0.1035884154017371,-0.40468115558426376
1.2314964480878003,1.8248973064340976,-2.7553690896614684,1.2390750800223973,1.7848856451984403
1.3049232366495,-1.4070797558042365,2.074637358523172,1.3521617814909979,-1.394743477270659
0.8858018363600797,-2.6519724148052086,2.4322375081823213,0.868885839020094,-2.5983339403779944
0.7523955614360374,0.142783485791521,-1.7647221680682976,0.7703615714466201,0.20408186392767572
0.7585205056227766,-3.070203798739001,2.916295436377822,0.710855287258215,-3.0496389041372622
0.7200285972559871,0.26496591898386274,0.9909757885176038,0.683443727274288,0.21637725967013005
0.7258953103230897,-0.8798767979974325,-1.5010671116050602,0.6858536227533325,-0.8374349222746751
0.3611619603637154,0.2309757412146779,0.8747349879029311,0.3225687516213213,0.137805566727786
0.7352338518411478,1.5146681436806861,-1.4173780577017132,0.7842090949121718,1.5279313406333215
1.4675194287481546,2.0671335695278423,-0.35429626052667024,1.5054655319626193,2.0890390800851457
0.8289674256372148,-0.8006501503680478,1.4306722845231352,0.8605503060392261,-0.8465479248959368
0.5698466168098079,-2.4088839231392143,1.6913469185078631,0.5999754578019731,-2.3406273296742035
1.437760444999765,-2.0171762151759474,1.4489021494812726,1.4852367362359657,-2.0064429936243497
0.5552656013000365,-0.6387378443065576,1.3624658036283541,0.5779168157711626,-0.7174459606481958
0.16313271289285922,2.792124854010551,-2.2621710397813497,0.15376182657324253,2.48076230521575
1.7380954229914767,-1.9118110248897415,0.6234636986283497,1.7794111393314307,-1.92782390473928
0.37005352561805593,0.864212943104499,-1.817906441093227,0.4154599850498687,0.9176100085844806
2.1625849156116623,1.3490626780981072,-1.6876874407749205,2.2123165562535365,1.3514278610271084
1.1296842402103737,-2.3933102725780566,-0.7059519073422041,1.1365845831707282,-2.437017122026117
1.8622331660623481,-1.5501875715896547,0.8537672685911416,1.899533800805613,-1.5678913040543914
0.7315248792393647,-1.2605245720244516,3.0642303760190654,0.7518511952174648,-1.1989171758995427
0.4040239351907467,-1.909034340309628,1.396071588339821,0.453430066173855,-1.8910829104471094
0.8168843567966729,0.7003995544221678,0.9472002960943291,0.7684964933928959,0.6845040241492314
1.1336127802539122,-1.9939934582708252,0.5926304074729057,1.1764036722436555,-2.016390567386309
0.9219900388863466,2.7959104765664016,0.462426492777422,0.9572162174921371,2.8336842709382655
0.6249064307502299,1.2880844689735118,2.5440238472226375,0.6112740108956392,1.2102305199438677
0.7524422491408175,0.2455497379356783,2.336121812700156,0.7784870293747607,0.1897761223912658
1.459163763707675,-1.8762844543206014,1.8148436490327762,1.5020291593467663,-1.8588973934442017
0.5579024598634135,-0.9008674555593081,-0.058673568213499214,0.5259358054848222,-0.9718583177191791
0.9516084119152759,-3.0638012076440115,-2.7612247167396813,0.9040026013899555,-3.0802831364613126
1.0262269864637963,1.1556437407575846,0.3969767700439977,0.9905367345826599,1.1903770790785135
2.1534017184783276,1.8831506478325828,-0.8995998425729689,2.2002869905956732,1.8911312910633458
1.2580171365476664,-1.4690001595286686,1.6188713867148576,1.307947760410812,-1.4710528144945405
0.4064719878433543,0.8169766110624799,0.6448530746166888,0.3573134623665364,0.8409459420204654
0.480999770492486,-0.5520880518420995,-2.6597107171727714,0.5083892725561869,-0.46747155580004657
0.721323435617928,3.0849205198490597,1.450986898216279,0.7261946809513138,-3.1294957237223344
1.3149207623427932,-2.208606297010016,1.5655771977442485,1.3555680590257089,-2.1867968748185835
0.3063556562439956,-0.6245859327268096,-1.8062407285916002,0.29108560609865314,-0.46498082119555534
1.1341432804425966,1.7378549822987122,-0.5752661140069487,1.1685244500539584,1.769391385377803
1.0687754009629402,2.1356307421482486,0.15533936190554984,1.0896484488315077,2.177735747768762
0.9055045377961768,-0.4581385111715815,-2.7715924405746697,0.9400388496500319,-0.4189453119002663
1.456525926427636,1.2495869103498647,-2.6431067380633646,1.4934626815149796,1.2267372158307972
0.7608977930845624,0.09494636275423567,1.0671494958223917,0.7338871300790187,0.03863212055315889
1.153589012756622,-1.9858699917677718,2.0938400602301974,1.1838412771753317,-1.951802825813844
0.8809725260989485,-2.8214125166347377,0.2308924754951874,0.9307840293655071,-2.8262025328529354
0.8321142291662098,1.9153185933808015,-0.30996609240585177,0.8634635647478566,1.9612752996855298
1.0001357284572416,-1.8133987537159326,-2.1317579111523246,0.9527767603702191,-1.7969718905422698
1.26248054990788,-1.2582815982772022,1.8361234603892742,1.3124270126918198,-1.260078654797119
0.9401452748425,1.4214156836208471,2.743787038410747,0.9291162857662624,1.369229482161818
1.3537594987044024,-1.8040022437495153,0.7467563955096649,1.3955612880581774,-1.823961626346745
0.997802128572953,-1.2300118154796076,-1.7237990022516176,0.9540692854070401,-1.2051701806540103
1.143368109706806,-1.4826248441062935,0.9812898794675109,1.182735187078746,-1.5091337024517688
1.9227071927604014,-1.362456972718358,-3.125074914090588,1.9328628674808226,-1.3370603414092672
1.0981028529452597,1.8774540494980474,-0.6229580787927075,1.13856522060454,1.9037244253007415
0.3424865556516474,2.851403313313984,0.6000348135517869,0.3759622193957471,2.954951411855072
0.8049483263814929,1.9795693653702742,-1.7976770610854507,0.8457036653579275,1.9444609858151936
1.5503486412762666,1.4739594015405566,3.1305621747376016,1.5554316384369857,1.4419267725727387
1.4073821330698035,-2.0024227173434186,0.14832738599886747,1.4353908654390999,-2.0315648281133187
0.2853436727577572,-0.34597293776883725,2.200799377829673,0.32795514647248275,-0.43150961295005674
0.46530965424396364,-1.1108242123302443,1.0549929406373257,0.4950705912592751,-1.1945602906854453
0.35544944586369004,2.2013681376682865,0.9536542388829744,0.34286893728836404,2.340096035864141
0.29979761046952613,-1.362402617631568,-1.2460329355118245,0.2502031349367379,-1.3856072900828427
0.8289629665718048,-2.658681474562515,-0.0743317717220512,0.8717998887646404,-2.6890169554924737
0.7628802111875672,-1.217646239813867,-1.0335011018540106,0.713784271589156,-1.2304730293555122
1.6148149129411746,-1.9620929285337783,2.0030507383208302,1.6492038538425131,-1.9398511579028992
0.7049389428418826,-0.9213070920354808,1.4307989232932623,0.7410002771597449,-0.9692331011957964
0.47610458786264304,-2.853925822936675,1.3020364035412744,0.5043027837423841,-2.769635776916154
0.8684475504683187,-2.1571598100120015,-0.28074265600433446,0.8847776315816432,-2.211078588416793
1.485599446069285,1.5233858682563621,1.0643003863450764,1.4409468919126565,1.5387627683721594
1.06691517033618,-1.2466446944801988,0.12640289114318898,1.0582282855432967,-1.2929892519198456
0.7210565844505348,2.9683781528091706,0.24766953579937256,0.7669650964791338,2.995016641578277
0.5182126464989861,2.4514953717866033,0.6864522254107462,0.5301389251862755,2.544169119957943
0.5731171152523599,-3.101495739390625,1.8929872906951362,0.5612570780847704,-3.0158263971416437
0.653131401796315,-3.0959108058401563,-0.29358443491811376,0.7004790219730493,-3.119667876607172
0.6161712611505881,1.5970425359613134,1.3513063380081876,0.5678036353369893,1.6184662348541736
0.6148310992098737,1.655014229041811,1.579414560992496,0.5649865347782314,1.6616983032436996
1.2733239392813054,-1.9728045651615977,-3.001126912403224,1.2482458471376139,-1.938492327238867
1.1756570638467159,1.1049864537127774,0.06311234216194582,1.1512365129065119,1.1424919469901995
0.8446011096672653,-0.35626759641044514,-0.17331927592392965,0.7954875418331775,-0.36770293846042634
1.3705232187840433,-1.5434107363336815,-1.0119839485003381,1.327660783300813,-1.562496734936159
0.8327390534157171,2.955280629668589,-2.4140510983034384,0.8031805888408203,2.9059651916579017
1.6773718257573536,1.4738655847842488,2.0343003510517423,1.635236621276646,1.4576117318407757
1.5157610111255904,2.338717600844811,-2.063087121899903,1.5317817637818085,2.30763260704104
0.7432157983805863,-1.4228385412005757,2.8142897225984393,0.7673832611089927,-1.364870660352552
1.136858313511258,1.3212936150119432,-2.790475166709007,1.1658459822178313,1.2859048286405284
0.9587163255948747,2.181714535948941,1.1507882206077464,0.9340003348235117,2.2276501320369944
0.7378052761690508,-0.20354768663667197,-2.7517601846332473,0.779759428676733,-0.16768493164786888
0.6708824974559294,-0.029612427076471434,-0.6897077369966004,0.6321297729790449,0.018908686928464556
1.9180162048515126,1.8008980123484852,2.8109680099033425,1.8919000458148296,1.7785147000573243
0.3722277933855951,-1.1007865785569904,-1.0299934596293898,0.32237243359938594,-1.1117576501281572
1.3951736930551153,-1.4743986548886925,0.496048269785163,1.4153781662803868,-1.50694683507333
1.6048524122815293,-1.4813244912826706,-0.4470901794277986,1.5798777644092612,-1.5085284066220916
0.15893579036633032,0.39659602740622857,0.933857660795203,0.11876952228859718,0.1794401761494128
0.12964425105047456,2.6916102448486514,1.2872824083810375,0.13099395988383958,3.0775397553541084
1.4380626009777877,-1.782905580158544,-0.7505947968253736,1.4130728763405427,-1.8132868304605436
1.318440133525927,1.667134841495898,1.6058572663673043,1.2685376731310156,1.6695486165907474
0.5158537115472095,-2.590755753847423,-1.7450593464564461,0.4841416176100335,-2.6681277864694257
1.6175469701030392,-1.5063287706285007,-2.1469380014948043,1.5777434263746655,-1.4873865356038425
1.3936030603266087,1.7888720578923674,2.1245601880787714,1.3464946117442105,1.7766392876220274
0.5776067154380907,1.5765706207666446,1.13436351109519,0.5328460207581196,1.6167370464114041
0.2947071180744862,2.1981657111175155,-0.3926714293630675,0.33832697923086824,2.2755840584685076
0.4596030255575726,1.2832838126563897,-1.0858038721615824,0.4966387860495119,1.3536072554619425
0.3876190203526887,-1.2372614067720011,0.04396003127702952,0.3764043621722498,-1.3649130969190626
0.15593970476254285,1.099683534941986,-1.1214390076522496,0.19041664748864337,1.3102209639495834
0.42342765245339964,-1.967324000567015,-1.4200649778189927,0.38161787624049964,-2.0355535696424534
1.977056868762464,1.8304872037810287,2.547583530853589,1.9396493720949515,1.813545215520879
0.32391902267191014,-2.7496163610502897,1.789238791175137,0.33617919961579645,-2.602590851544459
1.5993349029038064,1.7176875107527325,1.3575408557440622,1.5526426344469273,1.7290365179497444
0.5679826783925912,3.088792503837726,0.16183177618485609,0.6169273428375461,3.106055346506727
1.3189531860714763,-1.5146852080765008,0.7572170976919709,1.3517463971977244,-1.5429534915452743
1.5091159452141827,1.3973768642786877,-2.331862959846918,1.550976053442192,1.3795031536517237
0.9799130651797178,-1.118654887756035,0.4083101566599305,0.9789973982722633,-1.1697006595929595
0.40127251884453174,-2.8990442383103576,-2.805771589079259,0.3515207038866835,-2.9122924182232977
1.0863404321818946,-2.739593395157875,-1.8931257526121807,1.0538743060054294,-2.7751337870822765
0.09022591949838653,0.7011665481259904,1.1468448475696875,0.0499946508098227,0.25543713257513423
1.6956290718174754,1.480364913470819,0.2147512315914875,1.6812821969540548,1.5087337392736668
0.949660344178982,-1.2674199381152809,2.8276680885474486,0.979451153533145,-1.2257803208821403
1.102624825609388,2.335786864632829,1.0770125889027276,1.088316462956676,2.3795249831606156
0.23950086656739372,-2.155638217238927,-2.7650981966354857,0.20055577201736696,-2.012439701006288
0.928978285482293,1.6936065110099938,0.15720663487088404,0.9286042910540245,1.7474449157671241
0.5890925882506088,1.57290852281042,1.3067653828465553,0.5410128169651072,1.597218320227555
1.3505985881464895,1.1812522357033788,3.0795581824509406,1.3675026196983875,1.1466257705556444
1.1386092505931111,0.5784568908998483,-1.2135604263302704,1.1506148382622057,0.6208656422961442
0.13792288911509154,-1.6990177158839703,-0.7613348707594052,0.11559588972450495,-2.0552122784455698
2.1745221079770274,-1.2405482492268736,2.601896593886774,2.2129716631580982,-1.2259775235074941
0.9265961540111131,2.1691614840729287,-0.10337975208882365,0.9596337668729006,2.208964096199125
0.6642214142258317,1.19627244732964,-1.3656894736406733,0.7065855683700781,1.2350400266174557
0.604418309359398,-1.2350109204570578,1.705492595805769,0.6534871059689142,-1.2502938857683616
0.8397111094508154,1.9966274031653712,-1.8686357319977502,0.8778046781399667,1.9589027925954992
1.0515964724339348,-0.10257067324154077,-0.12626920471454678,1.0016112130519186,-0.1013877632216799
1.9255860490432093,1.8349287973315351,-2.385864511059386,1.9496860483588982,1.8123185958040564
0.44930835111343115,-1.7383580657676698,-1.2170782438475112,0.40671213181816634,-1.799617855589308
2.0622883736870303,1.2789412954019426,-1.5314337712895,2.1096333891345593,1.2866487458541753
0.7137754587002126,-1.2401589870417415,-2.6117569719238527,0.7055855444311939,-1.1706411583244616
0.24998674416538746,-2.630343329582757,0.46193831325985674,0.29993609277212424,-2.638560343997126
0.42988341455965107,2.7364800260696622,1.7849026552885998,0.40292598136470237,2.837705114845785
0.22604214264661981,0.4421016028117225,0.836098597470695,0.1808942348828725,0.33579466817882486
0.913791056411652,-1.7576783487059773,0.6624290136491604,0.9519053836734304,-1.7923789176570148
1.714191156697275,-1.1870276666352173,1.3902179283003178,1.7566416393531095,-1.2022523113879149
1.786873822925508,-1.2940192997647155,1.610747959857795,1.8355156942795525,-1.3004104032666184
0.4478741285323661,2.743501860776211,-2.5516177737893693,0.4224268621204078,2.6445109624229075
0.6457495811068568,-2.701418205964239,2.335214378224346,0.631600715020366,-2.6263087429581606
0.45491773372305944,1.6398568181992328,0.22571915995565153,0.44983616849465624,1.7498690187757184
0.7905490843064309,2.7154825241138183,-1.7845000312957977,0.8025793701619074,2.654545767467733
0.8602209980962721,-1.826175951649403,-0.38884719556372266,0.8550047142065994,-1.8841675708233925
0.6469592890887501,-1.7754067130509457,-0.8086984891043614,0.6199260202154326,-1.8418360937906233
1.7463884647728998,1.0022045658884926,-2.5990259011541,1.7913364604990762,0.9898217755323078
1.1079808408557104,-1.3755042435715046,-2.40623222198817,1.0831203837459606,-1.3359011768588671
0.741059176304997,-2.6343930894220855,-0.21040880857705332,0.7794220050667416,-2.6765897383249433
0.6559145723691665,-1.7779412221472288,-1.7996647731448012,0.6059273431035035,-1.776148775056539
0.8901130215426827,1.6081316457459445,0.9165207356100267,0.8521988856136116,1.6455599801118352
0.39176856499161006,2.185495835125959,1.2549401352594707,0.364113729104999,2.2958434810297907
0.9924706384778417,1.1520153743270145,1.6175750145396115,0.9480578688722138,1.1283372363357917
0.8395279779530831,-0.3794315785488589,-0.36311415463110336,0.7895350557690823,-0.38046488939449447
2.1451196638370127,1.3450818242944687,-2.350553053738864,2.1877980633484775,1.333057366177896
1.8183857113343058,-1.766268082123077,0.422930286950125,1.847821575481759,-1.7883176112901948
0.4823064802199772,-2.8711019564851084,1.467587897468968,0.5027193108241212,-2.778374385680459
0.7318749293333632,2.6230176637028286,2.6558048212093355,0.6819037717469054,2.620614002336411
1.5189177658252835,-2.121708652062952,-0.8742283703541951,1.5037796574940698,-2.1532406728291655
0.40551217121321853,-1.0394189271726975,3.0917075726241934,0.43497811868929775,-0.9432001666823217
0.4630017748990973,-1.0878593736313635,-0.615711504276886,0.41908949738366763,-1.1421465463222369
0.4755157846660839,-1.4976690013494678,1.4596994133131016,0.5247496576396985,-1.5151243016577527
0.8672364447165479,-1.7654010150220811,2.569303149199763,0.8868935006730944,-1.7129738156925247
0.32787638707424654,-2.6461911776121485,-1.167496688134245,0.32708927067999843,-2.7990007614232724
1.1060467112127594,2.4059018333820976,-1.4811967543873623,1.1432871617658493,2.3762311087881143
0.9279920457963138,-1.2806580779801642,2.088310403241011,0.9767701419539784,-1.2691186857412993
0.009307834011323254,-2.463069871690625,-2.6601595157424724,0.04091297786661551,0.43686958552181304
0.6907120661290399,1.897910843356564,2.23340686491926,0.6437102380682219,1.8723346247962076
2.0248413496536375,1.5057392777571166,0.47667265373780493,1.9995194082561294,1.5271665182460277
0.3434208670322927,-2.9041740098081767,0.17109148126174695,0.39332488589467823,-2.9125995287214392
0.26399785287524935,-2.809127541348065,0.41849175745587075,0.31384235681350126,-2.7954386210734614
1.6226399890190517,1.5000669993077425,2.920934414148889,1.6159280647869534,1.4694673692050217
0.12765255447917265,-0.5080635391067313,1.7961813573648975,0.16535020167689782,-0.7346324138742633
1.5709718317209374,1.332019042382206,-1.449508307646061,1.6178614392163904,1.3429081798696259
0.9739083407089619,-1.8985608136715013,0.3989721306262746,1.0078230334200287,-1.9356465913879226
0.4714045284157517,1.6425474609239954,-2.3176512141737025,0.5068830835820409,1.570457170643129
0.737674780848524,-1.9085623185485572,1.2375246279791496,0.787674307936718,-1.9082770307193224
0.41171961259230205,2.656478075975735,1.7027812660672297,0.38495191254521693,2.762607348377281
0.5171904153818612,-0.6924586912617292,0.4407001692478815,0.49806360640953484,-0.7835121426757375
1.0814885503386054,2.0271714537495322,2.548581470283739,1.0384313637458653,2.0031857063698544
0.9993725889793617,-1.3722074347297988,1.8344975008533542,1.04927167972461,-1.3691068846618255
0.7254829175665226,1.4628203505200994,0.8985742089172105,0.6837563443185722,1.5019362845929396
1.3118384657958273,1.718573708390356,-1.845321961309448,1.3576005193990008,1.7034780381450372
0.9714048820433774,-2.6324115928733645,0.3418195113378088,1.0207402502540235,-2.6405715138257895
0.47606023264686836,1.7301525427972224,0.227588290898098,0.4752763482610986,1.8353033637336573
1.6580351599198817,-1.923938858936966,2.0739533785724036,1.6912188635010705,-1.90160331384123
0.4154108297981908,0.9331322079953767,-2.4464442799366273,0.4641512850136763,0.9077343344590308
0.966315180794127,-0.36128852436912046,1.6355300663450245,0.9880274216517004,-0.4073874150886809
1.1994458257028118,1.3652493641132646,0.24022216134946228,1.178751859143393,1.403531371356132
0.9190358150916091,-1.1900356288408247,-0.08940216049119755,0.8974918461931516,-1.239721954097622
0.7929463682467601,-2.0117495215903034,2.0838167413261584,0.822880084223487,-1.9621642394480439
1.4168494665466989,-1.8295585585739726,1.2829517371571548,1.4668290440039482,-1.830549753265305
1.124409675527831,-2.085919508522518,-1.946902502268553,1.0749143705371098,-2.0923651675707315
1.7788315635787855,1.385618791320851,2.7137440374839294,1.7674832581205335,1.3581554018668436
0.6207432511219073,1.605263424309831,-0.32531936287015734,0.6400601245047272,1.6784446728778157
0.3495911570546789,-1.4922577075832753,0.0494759305657413,0.3517074270131645,-1.6348439491061315
1.5132156381564708,-2.1978436750116765,-0.28334085125778136,1.5307886116527385,-2.2286010434816417
0.2836301737387925,-0.08534435528510781,-0.8814828355917536,0.25121096814831495,0.057382808100337655
0.3514057600590724,1.6323686277270775,1.7123067662228941,0.3015918573570982,1.6191296491355567
0.9191439352492397,-2.1838212409666107,-2.8841595330417666,0.8815019019767046,-2.147257507401911
0.5680656088883684,1.6547728503771741,1.7241131563004106,0.51819734232452,1.6480876298921925
0.8272690251424163,-0.8505230792741048,-2.8394914815492163,0.8488042571524296,-0.7966664521941044
0.21503836450029581,-0.5270301826520458,2.5713654310215253,0.26500051861535623,-0.535178107239119
0.4848686576439424,-1.2343065681386216,-1.2587411974551344,0.43488529895754785,-1.2314975251420872
2.0333663840726266,-1.3853468256484966,0.585132541127488,2.053339353969686,-1.4077800791924708
0.8525539143805315,-1.2290562691840439,-2.4309866734575074,0.8358281370806936,-1.1732301089292991
1.377845306022751,1.7360603971850284,-0.7530805161919972,1.4179001908505293,1.7574717338839247
1.7145379720713294,-1.412479866071901,-0.9595081659024588,1.6697238343893968,-1.4255853864998138
0.5074457136109828,0.79165728158656,3.071988721153541,0.5413504261192368,0.7215283036499308
1.0517686875696586,-1.5422242943395712,-1.679623915374255,1.0022633094351874,-1.5353913207363161
1.037905595719162,1.6633491270527418,-3.008177981475547,1.0411474064959,1.6153468421311625
1.5992798339825416,1.4456228000891553,-1.7351622302291392,1.6492426014452484,1.444434910776986
2.0764399613111246,1.7775216696822298,0.00817377655789591,2.086878194841885,1.8010123429517422
1.525667694277942,-1.189321689911022,-2.4564161201969683,1.5114681932645497,-1.1577499204950321
0.9754969574247475,-2.379955756914361,-0.139186023301856,1.007307934379022,-2.418873154959718
1.376240226323023,0.9191527292218618,-2.1294992187066395,1.4260319822873309,0.9224067629718569
0.47712043144872923,-2.508913088322508,-1.651037093674656,0.44602472073255994,-2.593814731052402
1.5332348984346507,-1.6223860163051265,-2.0850766676869883,1.4886594644986701,-1.6073935282757565
1.0500105931650268,1.5969926373866166,1.5818461937001098,1.0000166151660819,1.5977499181044965
0.9310485229947326,-2.911056618822845,1.3604776598746797,0.9534570603702001,-2.8636120771661155
1.826762564154636,1.938777239823031,1.8067034785498637,1.7772102153104017,1.9424822158918134
0.9779403052949611,0.829165932844953,0.624202649979501,0.9290426201324821,0.8401199664605233
1.0883663656608902,-1.7873052742175426,-1.120960343573184,1.0495172084806104,-1.8167572111504768
0.4585330934237948,-2.842319336574735,2.7653883974234,0.4206759901708925,-2.7679334543862426
0.3510308178337127,-1.6651154403601167,-1.3614528017624838,0.3036866806691955,-1.714366561426361
1.0533128804574046,-1.3279527283923325,1.1388076817347863,1.0928000428589577,-1.3565421973002096
0.6667292315954892,-0.08104130277799589,-1.9409931576935127,0.682670623219885,-0.01078238154151168
1.6570441380719492,1.263048708002519,2.5654030920329154,1.644489457596316,1.2337288646063116
0.14903276066802368,-1.7221372934001542,-0.3837770118396682,0.14586916359052504,-2.062209458617371
0.09144594739330332,-1.7917845805372674,-0.976669428025773,0.06775794525657698,-2.358735076716384
0.9495539461900527,-1.8622144704831827,-1.9044130427462156,0.8996009304255267,-1.8598697592542703
1.09971816081541,-2.976435246303806,-1.0646462836841681,1.117433268368179,-3.018616856980186
0.6447226997815888,-3.0750248085540015,-1.8864694143439062,0.6277891075098891,3.1341963595650686
0.3197413191025536,3.0478779425070592,-2.7018625251068515,0.27785400840397906,2.956244409369757
1.3389624522752814,1.2777397657518859,-1.2686821419919465,1.380649704665665,1.298045013183534
0.8789829165754554,0.7721429804244041,-2.102748825180685,0.927308832700656,0.7863539544718842
1.2238304693454456,1.0664454934455272,-2.3594352491130506,1.2719008613458063,1.055419481984865
0.9085688817882784,-0.9616589784999889,-3.025513632854754,0.9332748738910013,-0.9144479826493557
1.6941236818015133,-2.2160764594319717,-0.3519455872587209,1.7092512826361073,-2.2440831719489966
1.9931701385414244,1.603034439861406,0.0238830198662221,1.9942147562449803,1.628108717440465
1.2262530050572558,-1.75430271357062,2.7172204621320097,1.2391319154938145,-1.715106704578974
0.6811455824159667,1.6288443923609819,1.200030342939374,0.6360124782308152,1.6615376660403272
2.1265965905952497,-1.628948086152366,-0.5668838494103703,2.1026965678888137,-1.6497172635988842
0.4676454592647665,-1.6533954488889444,1.8596485278078048,0.5145556836978157,-1.6181180759508522
0.47306033814679144,-1.628772651955847,0.41330268019809513,0.4977592429734036,-1.7183924973481886
1.1091011867898728,-0.9403881934896037,1.0634291600254497,1.130992918428969,-0.980527525932264
1.6181208692392843,-1.7065102078192225,-2.6052595537414005,1.5874736839853212,-1.6818600941994188
0.8660048995997367,2.0439917077199277,-0.4403107534955495,0.9061025491771953,2.0777124869669397
0.9741664171986394,1.629851921977305,0.8020320360654501,0.9410629698475508,1.6689909804449754
0.3212590726457683,0.5721692527912907,-3.0785838426163648,0.36572976075051117,0.5054798674760519
0.4952184390520369,-2.2337950589991165,2.350420361741927,0.5040548859165446,-2.1352538110778614
0.7277086426010775,-2.7978158575492977,-1.5639153835897739,0.7127445555170924,-2.8640721467904653
0.374201016070522,-0.3199604049219904,1.2173514868678226,0.37586386311898495,-0.4533075578479713
1.1190168425223987,-1.7292784200879512,-1.3217231321721976,1.0732952014176511,-1.7477443821701375
0.9468373364272638,2.818585823629635,-2.6821852886782582,0.9120580840568947,2.779927689280683
1.060370623731142,-1.9885931218820547,1.2289959153928045,1.1102327969827712,-1.985173865995803
1.0439832616668625,1.4999702855690162,-3.03258083932173,1.0540753218189256,1.4532833838758694
1.1417693760534655,0.9266635510498429,-2.074047579834199,1.1912946945356668,0.9325570034291757
0.18091915432326802,1.7036380454158975,3.021643949672188,0.17523364894238577,1.4237324229314254
1.916525392247339,1.5724380495714645,-2.303248249646031,1.9539344289666833,1.5552945025639313
0.49597576754367667,0.5712804027535121,-0.47291271812822905,0.47282580000804,0.662828713659708
1.6712171409763703,-1.8010946152144827,2.5922776699170065,1.6875667750818533,-1.7729573707331898
0.9348764604282737,1.164031142935539,-0.8881178622179839,0.9590499325295027,1.2102584148891078
1.3250576298192938,1.945191704247942,-0.055833910663117686,1.346678551409103,1.978942992583787
1.1928418475180425,1.6339247755903716,0.8780410480972648,1.156967013058365,1.6635726603540588
2.1936868189305803,-1.48778388957648,-2.4700989405350833,2.1663311502563,-1.468584706154872
0.4782946470427372,0.9966719011142189,2.433888920144441,0.47423172186143886,0.8919863588975031
0.5293928018359881,2.325228833174241,-0.39985427722378575,0.5754737719216734,2.3603871895476
0.16790940122084608,-2.2503907321331487,-1.941518171512761,0.12123211719807375,-2.376094545748133
1.1890471231863255,1.4893023543565043,-1.346522528701434,1.2368195143183758,1.501471989827479
0.7825792379454567,1.9536385597585697,-0.15025882721308506,0.8091362376001235,2.0068831347230636
0.4881977603871076,-0.5268380182226854,1.0760914177288319,0.4923469452441938,-0.6285150991707867
0.7788725117736727,0.32869378366351953,-2.3575760706383884,0.8240718532610947,0.3553786195398968
1.5026442453724174,-1.6738489550491737,2.5008426155880334,1.5288554894286734,-1.6457559389779262
1.4989559054614647,-1.7709462542934493,2.373717407182329,1.5264239265807533,-1.7433250446935236
0.15902868779188906,2.595635400492901,1.849646684411493,0.12692825862321172,2.8662825359412603
1.080073385220392,-0.3877725850908048,-0.06134482600564921,1.0328381427286841,-0.40329652555574724
1.1875196154408936,1.8563550361660617,-0.15657054750384297,1.2097572643967767,1.8937200950745703
0.9523765521925418,0.996313965077459,0.6696908118129389,0.9051621641076484,1.0140380458487988
0.6721261316482253,0.4866860638020954,2.0142483484926297,0.6718248053473864,0.4122627604258716
0.15890081506920115,-2.465781801901425,0.9838610881009922,0.20710275131881786,-2.39251559434148
0.6730613392883479,-2.748057364224501,-1.7442271175448294,0.6475825073059964,-2.813232981823739
0.19075518752183795,0.8994609278269617,-2.6988181953836485,0.23666046282893832,0.8061591097830803
0.49526765151360097,-0.07930291341721221,-2.489998639032077,0.5335414564705518,-0.016704788538382476
0.3163600000628035,3.0823746568725783,-1.7271958483551066,0.3154584789195836,2.923961330494287
0.6087036277855272,-0.2832467815247849,-3.1060411227654625,0.656371372522679,-0.25936887887070875
0.6945641693262515,-1.175263857164029,-0.9129165701500666,0.6464050571069705,-1.1953260172383313
0.880631436084299,-1.7027733149537936,-0.4460976195883168,0.8664882884353632,-1.7576815308496005
1.162585234537809,-2.4204552162684414,2.489641908446829,1.1538061455387947,-2.377951775984549
0.964142753274649,-2.4495868055328684,2.926260394833519,0.9341814519180309,-2.4074054443251884
1.3595999670093615,1.7179128100627532,-2.9734552834461048,1.3615688963566064,1.681190327107106
0.7967397608462289,0.07633106163216398,-2.6467967154446086,0.8426704338586959,0.10044473858268538
0.3381526810715739,1.455537520164591,-2.756331715681157,0.36479386018468013,1.3349952577409256
0.8404732076653262,1.969088459746935,-0.456609429441807,0.8788113831511462,2.0064369397648276
0.9791901902396449,2.130507025081286,1.9874580848111916,0.9297282187784545,2.1381739413150593
0.6940571609815559,1.3888209376512586,1.906126463153259,0.6510691417544137,1.3508327307125256
0.9031442787119746,-2.7035534499401868,2.386888539833994,0.8859082792351797,-2.6510755699455677
0.6945979519848495,-1.4162189256554734,-2.72651310948812,0.6834294756581928,-1.345467852710175
2.24705227338423,1.1457499404276932,-1.197718520644226,2.2822356695808335,1.1614380072665935
1.2854134158707446,-1.1841839545151562,-2.4305106279381445,1.2703573821942369,-1.1468700485046275
0.4864537214643511,1.3107621255391944,2.325015022783581,0.46199576796852454,1.218739021480313
0.48123925451834915,-1.5197158924347527,-2.140435856833247,0.4415250111678226,-1.4538031680067969
0.6877974528514004,0.21182497432540673,-1.2059323982887484,0.6819680313612949,0.284348849112697
1.178047861300456,-1.587484829949505,-2.6076116463176113,1.1526727550294498,-1.5505112581424987
0.18442089848406212,1.8410696900027619,2.2314707764637847,0.13948700796617333,1.704229118835509
0.5189510512476955,1.4919406527022645,-2.7878939006421475,0.5418156250505519,1.4080594001862554
0.8939982384455595,-2.906621321092418,0.8835900145523856,0.9343325253859587,-2.874288536288032
0.5458132237756621,-1.4814214014796945,-1.5783393193743271,0.4960714623111192,-1.4716679884754726
1.138686353568605,1.152051850787815,0.3581632285179169,1.1042082458476679,1.1843468845988143
0.3159057264783554,0.4148585881719841,-1.3292892326301797,0.32824581412748677,0.5654691953744089
0.490727060170182,-2.7330572475975687,2.8034169666301976,0.45529910580152033,-2.6583964308607184
0.7190941495707964,0.02096928465321589,1.1316345265117347,0.6983293643913243,-0.043227501947754814
1.0984644640013796,1.4763086303316408,0.40240101229609027,1.0755283202836021,1.5171869038932924
0.64135818529372,-1.9700214001815748,-1.2379402198602076,0.605092610763057,-2.0252823090715193
1.0491388760434703,1.3235545287178847,-0.3909497378610686,1.0574580363338826,1.370367419033153
1.286969692248305,2.1548774070739047,-2.454960582040282,1.293045192344078,2.116402660652252
1.0396318318064046,-2.9301595152720585,0.7503281325440492,1.0828497032874524,-2.9064611228696275
0.8481944747734558,-1.4626958382278796,-1.1180060479956604,0.8013135917865921,-1.4837818259578326
0.6489495340709018,0.6356318545677946,1.7881023447679258,0.6302960745005568,0.5630808364473416
0.703044916778382,-2.634634056904348,1.824162405277174,0.7172240725218549,-2.56709912284115
1.0434894276098359,0.5361416018392529,-0.24698661121068002,1.0086709277727612,0.5711204899228299
1.439827991952841,1.948504956773654,1.7538945125532832,1.390805449833996,1.9554572557226728
0.7586242428264701,1.621689322662664,-2.3532630154225638,0.7931078647193018,1.5750081899386277
0.2592160732703354,-1.876628770794156,-2.5401653324877764,0.2219717068755775,-1.7374443745273802
1.4286670666384726,1.7730753997692579,0.8831686429818913,1.397732883161808,1.800874457508113
1.112138824268404,1.7255447914874342,1.2303807152118635,1.0684084880305542,1.7477841879383438
0.4860415095156628,-1.9861121748299098,1.4203733649423311,0.5344578691010321,-1.9616170658683958
1.0001753156660373,-2.0337924385928843,0.4208173863984612,1.0393173342000848,-2.0643079378236426
0.6909967601558576,-0.9392919808774444,-2.555223031301224,0.6950498244933593,-0.8673659524337108
0.4621052117525668,-0.09335555062571216,-1.4310998716666399,0.4531765605213967,0.014201265763243211
1.292006889311204,-1.6025170527693442,-1.4947843401049534,1.2423084003550333,-1.6068446727116712
0.996681787009977,1.197893565821552,1.4973673258143494,0.949021838511601,1.1823497027727867
0.38466109610797833,1.0236928197151782,-1.3515821190297173,0.42211112841976806,1.1059305557479242
1.3820951504450392,1.8117751068969714,-1.245666326671552,1.4319243863723043,1.81471004040967
0.8532612415689561,3.0235330450066744,2.0568310872006017,0.8258862274768809,3.0733799698888564
0.30045811316079074,3.076501777949623,-0.3627707773233659,0.3485677278160732,3.034416766390227
1.5026929913745217,-1.1206004072219466,1.7243734669590143,1.5505783766128054,-1.1300256853048638
0.9361060003794756,-1.517445011187978,1.6530418876364172,0.9860861879244999,-1.515980117167382
1.1212116378569579,-1.7862810219712904,3.0996769912298916,1.113666171252711,-1.7420444267485173
0.6825109998450312,1.7463809163996753,2.544281956951046,0.6485889335151986,1.6911644286558993
1.5211939116083717,1.285631127405304,-2.647039659621392,1.5567539541972577,1.262789575086493
0.753063969157759,1.4597604129119932,1.7689197493819886,0.7055985010799662,1.438198468459206
0.8666258409575716,1.760851636728001,3.1352869358197637,0.8582728822618065,1.7036834856932406
0.9396229080342601,1.3198446688245191,-0.40448079756966465,0.9485570899546467,1.3719598776582165
0.6660899562400278,-0.685564283109332,2.812402674557862,0.7131617228437833,-0.6611018481046737
1.391795322222112,1.6932715200299369,0.4195968465132917,1.377986480021821,1.727973423512219
0.2875837127364012,-1.8150288095819835,1.1811876637213279,0.33713410517067804,-1.8365151850250745
1.1661988917579225,-0.7829242208295648,1.3612206708525292,1.1940603425080898,-0.8181093198507007
0.4369751847706337,0.33017356818451554,2.4099994725826246,0.4634030940309117,0.23581565782351624
1.3093405245570637,1.957503489697555,0.5419899246721337,1.3025445937639533,1.9954371168472982
0.6191989447236697,-2.657095050544567,-0.5196265522965373,0.6474161156937636,-2.7222996566052773
1.8745950820388058,-1.5680425174213934,-0.4351044773346963,1.8539481507294535,-1.5924701666848893
0.9676516339606012,-2.279710947434693,-3.051516861357411,0.9324712885636759,-2.2423053317744035
0.8551110173080383,2.414485591795512,0.11628337697480155,0.8891423501586777,2.4564992021145087
1.8919811217988631,-1.8087655337425996,-2.386194973040871,1.8502890058851107,-1.7940140071718553
1.6230571988408562,0.915018866202655,-0.47655889040431537,1.614893785110325,0.9454894637558606
0.8731022100936949,1.253454269520852,-2.047841218559019,0.9225002067029029,1.2448349327652812
1.2946769243543748,1.978857276720862,3.041352419125036,1.2710929159011637,1.944487461053804
0.8480945046495456,-1.8863843029201874,2.2674626243984197,0.875619260516695,-1.8379408487594369
0.3183217756346601,-0.30940699854157894,2.9288381153771903,0.3681200386024956,-0.2962992074784229
0.4257390717957724,1.6799043085021494,-2.4186004426718792,0.45637519825665457,1.5902288295885276
2.0492527850827487,1.3624276892840133,0.8703070012093573,2.00532531092412,1.374208992527
0.22137439986250448,-0.2633919394888779,-1.087756781389895,0.1909837310633667,-0.06999510757968506
1.0149431182652116,1.303943530819713,0.7064535598457027,0.9740118491774084,1.3328265113995958
0.17654570633659972,-1.6047025431848125,-1.1599811303387604,0.13315804955246066,-1.7669532574199962
1.0756319108552652,-2.186410200485323,1.311862176206875,1.1226207340317371,-2.1708582457847796
0.27988055677476337,-1.8518351390085084,2.4306197737161805,0.30413623909858944,-1.701834773021907
0.36386688787852894,-0.46194564671522487,-2.232803416206949,0.3770016211149495,-0.3315967104223106
0.9431174531941455,-0.8907856821914465,-1.0356538617111168,0.8936703564413011,-0.882708679304953
0.3919891710427025,2.5402935326602947,-2.0455202016519656,0.4013774842055347,2.4164023905733707
0.9001613644720536,0.6566840149942668,-1.6939694493406692,0.9359956385077135,0.6946748472879447
0.5626349692077234,-2.506069535191099,0.7587670827963577,0.6122865757498533,-2.496030586324681
0.38542027414578284,1.8396712222685057,0.008027265285052055,0.4012340479138331,1.9603640428367661
1.0965837931080054,-1.4330630907468875,-1.188848495897476,1.0481371431677045,-1.4445978246629012
1.7967272731162705,-1.4638732362208744,-2.227514159994737,1.7609506433315076,-1.4442361045320447
0.5082526525144118,-1.2635658607808842,-0.2213118929817026,0.4849647832111043,-1.3527154224293338
1.146424209367306,-1.0711318763232645,-1.3164011956647292,1.097987736411318,-1.060074260058267
1.5623727166813695,2.120414998688324,1.1075757288285786,1.5364856090007761,2.1480249649917234
0.8720433474850677,0.875729484141893,-2.7175724997406863,0.9172881441208529,0.8519340574810064
0.3249875941291078,0.1320288024169672,2.20786414661226,0.35191076662604154,0.007362738246365993
0.7353080372527019,-0.7350565064012242,-2.9732734158700262,0.7672618143937459,-0.6838507666256288
1.5426221239130744,1.4367085601976153,2.5179734890534875,1.519752287760531,1.4076683881637908
2.0822115444547475,1.657344642741967,2.4530796454889803,2.047535129057707,1.6398989258985681
0.7372945702412385,0.8400491243753728,2.1535361156139783,0.7261822469713111,0.7734133547756267
0.8026822479131138,0.3631040801200464,-1.6656071104814174,0.8260046414724763,0.4174268711639835
0.9822225699821848,1.7300081471769162,1.6042212196232044,0.9326387025406802,1.7367340329851673
1.2395278376186094,1.14055973851595,0.25965259300660704,1.2083208593205186,1.1724820362911619
0.8378086998177154,2.089671257751085,-0.966476577121486,0.8876365467323891,2.0944784739577473
0.7931999180238807,1.5397579017113927,0.8943206986712839,0.7538583275208984,1.5796664254668362
0.8136720146731593,1.8001626860533748,1.2743297786580323,0.7708353600265626,1.832726208007738
0.6372417467851085,0.3012946660864385,2.9754938929260093,0.6822510749610126,0.268268501311169
0.8067706452500026,-2.052741827313624,1.9160087864132516,0.8414242969821102,-2.0089918893176115
1.5580223438590037,-1.4300180088134693,0.6959806333602152,1.584947745423007,-1.4568294806184099
0.9553493182391348,-1.4568981968131645,0.8722105487675015,0.9903996310994412,-1.493558157569176
2.283187690338808,1.8454677534317248,0.7518198195374522,2.2606616520109957,1.8651161003111807
1.5927374073711809,-2.030467661416555,2.570684512143219,1.599060047746381,-1.9993875408395696
0.6285347717170886,1.25996219420995,-0.8001554822662871,0.6535279562415668,1.3275434103877464
1.226357801670703,-1.939512490036378,-0.4589739358307964,1.2228653433163235,-1.9802448971809932
0.7099070220065469,-2.2258514322224654,0.35221953715222165,0.7526500131414892,-2.2613446112602005
0.4936342255278589,-0.5294851172488884,-1.4829181781978689,0.466474969337648,-0.4419724487488557
1.9843657528883751,1.5864900864174614,2.8964860389047926,1.972064853859427,1.5619908777520997
0.4546235428475433,-1.745105130032551,-1.9281440539435015,0.4055609150378571,-1.7226628973766676
0.9046035807748669,1.6339720267695352,-2.8000496639976222,0.9196003982122364,1.5816697507745294
0.7523893755537437,-1.3342243840109496,-0.745371907909933,0.7113527144729888,-1.37327310724326
1.4784025608940328,2.0968958217636,0.20242285461942217,1.4950569820365265,2.1286080372191263
0.9261172845329858,2.693202532436658,0.7561526515493286,0.9451768807097579,2.742614215572476
1.2194823502227705,-1.0259451653975165,2.86040977458369,1.2567018444373594,-0.9989745982031931
0.3876929087559245,2.6733255769089674,2.1540769235133874,0.3451761768788876,2.74526800981518
1.2450128424399078,1.7370206651681301,-2.1851687667305466,1.2810208261872271,1.7095506956140087
0.8354077266195964,-1.6416404039275352,1.912342058525902,0.881443845175796,-1.6189030242179534
0.9428246466714328,1.4356645230178993,-0.39483344904691114,0.9568852162934337,1.486186669838541
0.3709152318459583,2.047716277599622,-1.5308712320838622,0.4167541870244595,1.9969188632575117
1.2234465949796374,-2.114187166494572,1.0350145081164257,1.273445204386767,-2.11388841207291
1.7016908957907355,-1.905390025811445,0.6541360323178639,1.743673984625326,-1.9211548468820934
0.9839695795826175,-2.2357212766920718,2.821593264173723,0.9682073654055592,-2.1871019659301556
0.5627990208571857,-2.0144800299229058,-0.09026123378683559,0.5819981254007198,-2.0951686465487
0.37495993129463306,2.7355992456182365,-2.0667293591539497,0.3738009086406485,2.601981602559578
0.6604884076421038,2.647044931181705,-1.228969321940398,0.6984036139400377,2.5990486633599423
0.8286999956537425,-0.6646614241752664,-0.8792554941215571,0.7799195338106166,-0.6510088976686397
0.23202494427459905,0.7836799491958566,-0.9253257123427782,0.2439921649169052,0.988070577519166
1.6864465475279458,-2.133890064946911,-0.8433263085031151,1.6733076112047605,-2.16260932881967
0.7329507038616677,-2.605729266307713,0.9656963088981156,0.7786812871588827,-2.578968081805636
0.7891960630997876,-1.604180250915739,-2.590910820884773,0.7627663841844268,-1.5494686141542244
0.9577016739489942,-0.9804381209278576,-1.137615838645243,0.9083517427257619,-0.9718217848084391
0.9450417612784731,-1.3794997131830131,2.0691776549248693,0.9928177542219774,-1.364275736001248
1.4236335277474224,1.247723689177238,-2.2665212215623796,1.470314476964109,1.2353421123938468
0.804627780761674,0.19443893706406076,2.3491765304210555,0.8332384498122392,0.14435452539735258
1.706941014144004,-2.122592236407596,0.5621341635919617,1.7519518325083319,-2.1351824679666853
0.9451852129610162,-1.9369214835787605,-0.11437152566423044,0.9588638615509745,-1.9874442560425583
0.23068041104032752,2.9361208446814517,-1.892266190551406,0.2303119643835407,2.718775792883694
0.2719180946224592,0.36403460433169427,-1.7755543249598469,0.3018035298341654,0.5040780744095873
0.8563624581362489,-2.699877788316142,-1.1189761642144176,0.858325127618367,-2.7581607895138798
0.6818423926474527,-1.2594045920739751,-0.2587489560730231,0.6562061960863599,-1.323591991162908
1.420717934156732,1.2509281045713303,-1.7612226573126177,1.4703138038852437,1.255317682419657
1.7125957061731005,-1.3533051982314515,3.1313179833030143,1.724573783899038,-1.3250575556296735
0.8702798993747004,2.6878366865470937,-1.9571850448492845,0.8750688578232394,2.6307970087213093
1.275690560741309,-1.4107106288026574,0.226155002827439,1.2799643257063131,-1.4496988660705503
0.8047191823930502,-1.359338301064285,-1.4661122518743628,0.7550227319670094,-1.3522807606702354
0.40017073421346233,-1.0193689817378595,0.10019459656267576,0.3810330196968658,-1.1377333909390746
1.508858598052904,-1.2337540541259715,0.01654686610629447,1.493860660697794,-1.2655253958822348
1.8657624667813506,-1.4162961044979414,-0.1486906277182886,1.8514491800049622,-1.4420730573839182
0.8611601588789283,1.4260375536759267,0.4274668109146371,0.8351434696880442,1.4763913728807014
0.540676449522403,0.1386600309092573,-0.7866496741632577,0.5121568299763027,0.21672391332179552
1.4469671077298911,-1.496784813689673,0.48849551297852783,1.4678166554530598,-1.5279696560231812
0.5503693306188439,1.5003079577869327,1.7551140316172,0.5021419010749333,1.4752070631561134
0.2392258061740474,0.40272901196798944,2.250738308936266,0.2574413032736715,0.21482102367956407
0.813461131737888,1.7691072182474488,-2.2465704128013813,0.8464152201786199,1.7237855332787095
0.9126603702901427,0.983064721719839,-0.8680271558297334,0.927737440506,1.0348791578622742
0.3333338756203116,-2.983223942459735,-2.4277429052231096,0.29204428512504416,-3.073633377447464
0.6879509493645244,-2.7909064270730495,-2.040368545770266,0.6522768843816432,-2.8432111554020647
0.8154340979663607,1.931609642598488,0.3405122494884251,0.8179780391853916,1.9927614886193363
1.8980425510231607,1.6507689893709414,-3.1099110238270584,1.8962866988043148,1.6244293615296757
0.5487834633234381,2.8249546872152234,3.016295808893499,0.49978642368674814,2.8059278411490602
0.8371125201199316,-3.106538023102897,1.5197580093796093,0.8428851761184477,-3.0474032074504547
0.4186771656289727,1.9433979078104988,-2.8382319052843883,0.41820321533008686,1.8238406737580948
0.2348489419377415,1.8659631467041198,1.7095587170966755,0.1856227196464406,1.9079335693186534
0.3268454888503066,-2.0736761520490328,2.4752670225143607,0.3385947020354136,-1.927454549142738
0.9957147501016069,-1.6626488164259596,-1.6828695992505303,0.9457255121129938,-1.661579827143893
0.8276888001993101,-1.453016878636735,1.2765962718183508,0.8737347171709239,-1.4759333904720893
1.0663537166578931,0.7831122891341297,0.7579468396377165,1.0163703270288338,0.7843501646960733
1.1321018673223544,1.4712942456699627,-3.0319546409688414,1.1435292746646464,1.4285096693032315
1.6762585777820367,1.5994855618390236,2.4795648110592623,1.644855632420751,1.5760531129056294
0.58127752763297,-2.439703808886409,2.854342905461698,0.5553805958068188,-2.364409222748591
0.975357480638978,-2.0578099255765023,0.43085655169864884,1.0155273444670556,-2.0877256103324386
0.2717677270221355,1.5782815403243609,1.0571744600398811,0.22975669060041848,1.6868354365898979
1.6247164015401092,2.054648963097932,1.2693839002568519,1.5897494446349467,2.076887402610253
0.9627271925742068,1.476102995165694,1.7274446149224523,0.9143827714575522,1.4625030388432585
0.6524478484188302,-2.9687746790380216,0.605714819755768,0.6981507220363238,-2.938726345322288
1.603535268328541,1.8720266247395871,-1.3137301983534564,1.6534879879639863,1.8706915733967058
0.6412317697039565,-3.000614453922193,-2.791730873840019,0.5924093591662858,-3.0181174239658564
0.3617921382827329,3.066786156343096,-0.08563046039524615,0.41178956498042274,3.0654719225895666
0.42577443078687505,1.952433632103655,-0.7748582308265373,0.47197369907338493,1.9950919507314184
0.6479394459549566,-2.346175524348251,2.5381537417094933,0.6412796956768462,-2.2692803510411625
1.4566039129206192,1.3922946242058012,-2.8950664536346515,1.4779233634561395,1.361468549261939
0.2633928565257678,1.470820387552833,-1.4406915467589578,0.31228350803926924,1.5073427812390563
1.0756020197756435,-1.4407882162367922,1.1505298525150853,1.1185266979461441,-1.4641657955972542
1.5485340406359913,-0.9682928321064518,3.133638529648473,1.577728184880688,-0.9423226460447186
1.0281384559352533,1.7062447850431843,-0.11988982646750615,1.0418909056393282,1.7526952310555912
0.8688848973237587,1.0462033399045567,2.606016138485015,0.8697739026936956,0.9886888998527141
0.3102253501541907,-0.6909141680438384,-1.4423674888112747,0.2758109505455543,-0.5668334556440128
0.4488052762030659,2.0886017438209796,-1.5229604044582439,0.49390368611392693,2.0427407912162985
0.2916095232083778,2.4296008913836853,0.4192133422029931,0.31614257617282365,2.5732139174035527
0.9374153709600298,2.3802752926109894,-1.214465000181923,0.9826129005465262,2.3579962305082818
0.8485234621370631,1.963297499035698,1.6125966956101563,0.8017508946481564,1.9847244990685826
1.3801604560932133,1.526951333387082,-2.561044459740282,1.40997438399849,1.4981766976980422
0.4430595707416155,3.06197312136091,-1.1785172943895632,0.4679127098412862,2.9666500879221047
1.8646641603537388,-1.6569400583038907,-0.702386308611075,1.836218908695465,-1.6791629825541667
0.5157202339410191,-1.0405521404365936,0.6250077846208657,0.5228261651231099,-1.1359015520175224
0.8381810291454402,0.28479000673653354,-0.8201543494639257,0.8169441072983944,0.33949907651413963
1.065875142405926,-1.474285737005109,1.8703349044050848,1.1148937532579088,-1.4652427769596563
1.3499126013982325,1.4315407881622801,1.8804535344118207,1.3050470391717495,1.4149127951028853
1.2804349345000954,1.6075291107201262,-0.9641635268705221,1.3228077983894553,1.6279245634170234
1.969687432711723,-2.014663244938715,0.1862201740714176,1.9995563372863148,-2.0348685064578045
2.1248691295620956,1.6980626557411973,-2.7352069451809005,2.1391846392122225,1.675591960232925
0.49020502648297765,1.3689592063931093,2.9948920705143833,0.495482007266812,1.2680294459692931
0.9032274801830564,-0.8318080578168366,-2.722706147174835,0.9201853736466424,-0.7802084142654475
1.1766339996439894,-1.7253084708143385,-2.1935595676558597,1.1322409539113139,-1.7053764850070077