iteration,predict_x,predict_y,label_x,label_y
0,1.2736617,1.2685907,1.2752890567820978,1.268878970317676
1,0.31680736,-0.7554602,0.31842529806156644,-0.795460738785913
2,1.4312502,-1.9248188,1.4371432953290706,-1.9679009412398296
3,1.1533461,1.3465871,1.1680570069087663,1.3589972448115457
4,0.94737935,1.7096047,0.94539969850066,1.7060088385588397
5,0.74620306,-2.4757085,0.7485557875429412,-2.4461506514830407
6,0.7177852,-0.98618513,0.6997811370473686,-0.9480308309918115
7,0.8344373,-2.482645,0.8379279705846048,-2.4533399970421046
8,1.4581594,2.2415607,1.436435562132737,2.332179861739932
9,0.44459277,0.16994807,0.4397645423243953,0.1905810979921563
10,1.7318277,-1.4979736,1.735854111986408,-1.519052113383441
11,0.40355355,-2.3130248,0.40536323887145287,-2.2740665557018778
12,1.5381384,-1.5097175,1.5345087293676507,-1.5249514375717859
13,1.4672254,1.4484499,1.4638575265363436,1.5117881392305292
14,0.38231498,-1.3273939,0.3737503546462953,-1.2727581608464384
15,1.2572967,0.89296246,1.2658916628734744,0.8827481844885656
16,0.6026389,2.4533165,0.6052566151678527,2.43273548472358
17,0.40364945,-2.366857,0.41031178202786844,-2.361179873821255
18,0.790903,1.4054027,0.7893312135680294,1.4113970248489662
19,0.11940115,-2.3453307,0.12376537364674618,-2.4958841127104465
20,0.51735127,0.283968,0.5171457375196179,0.3042685503984638
21,1.4562217,1.9114007,1.4329513053532816,1.9415823467339253
22,1.747372,1.3980427,1.7454643995887649,1.3954417190056712
23,0.48018128,0.5088649,0.48164459090196027,0.5080380291654593
24,1.5137477,-0.9354064,1.5053120074914017,-0.9292197163998711
25,0.23143023,-2.2228258,0.2376018080788411,-2.2311152109857644
26,1.0507659,-0.9254158,1.049474263522416,-0.9025150574922396
27,1.126644,-1.2906169,1.1266778917618099,-1.2807517651019251
28,1.3566787,-1.719289,1.349424031642028,-1.7144526250989132
29,0.36475444,-0.5138714,0.3612019794999217,-0.43368563608309707
30,2.1927836,-1.9245396,2.245431105557483,-1.937315567427925
31,0.6914514,-0.15590812,0.6908629907250168,-0.13240383768780523
32,0.5770239,-0.98200864,0.585690646267407,-1.016501948448773
33,1.0372901,-0.83072454,1.0364974065051469,-0.8042116517108623
34,1.9244035,1.5120097,1.9332037805324014,1.5142106391162893
35,0.30022562,-2.8225117,0.3074882698717809,-2.938828238667961
36,0.58977675,1.0212053,0.5942438392229151,1.0599630644826201
37,1.4223725,0.8923888,1.428522535985101,0.864039978770433
38,1.9344388,-1.3920879,1.94136033270912,-1.3855226844501967
39,1.7035537,-1.949781,1.7153475095341197,-1.956256596409699
40,0.36008018,-2.963446,0.3492063698336893,-3.0149855446168004
41,1.9917026,-1.3752267,2.047843331238219,-1.4159304031737225
42,1.0971624,2.1114457,1.0947292849001622,2.110755601476369
43,0.16916034,-1.5530397,0.1528363681540291,-1.30979913340978
44,1.9397407,-1.2643775,1.9875307228542827,-1.304358920193958
45,0.27369958,-2.8047724,0.2693650257344693,-2.8386462177023732
46,0.9748845,-0.80910116,0.9827417951116657,-0.809106503797597
47,1.2600126,-1.8765591,1.2535266939828436,-1.8619371854097628
48,0.7317271,-2.6168244,0.7408480414041735,-2.583582033906665
49,0.40845442,1.5109359,0.4041406644227415,1.4934605631410194
50,1.0721893,-1.6521919,1.066386744165241,-1.6407356299342324
51,0.91079587,2.178319,0.9026248028068986,2.1622157886149274
52,1.3497635,-1.6729407,1.3455882100771757,-1.6704438025364423
53,0.43457103,-0.830638,0.4337446606429268,-0.8241396958616479
54,1.0974973,2.3805938,1.0971779844051384,2.3751907359700493
55,0.67975974,1.3576379,0.6805253134066839,1.3496669847122498
56,1.341133,-1.4040108,1.333558131908563,-1.400079217725882
57,0.25197425,0.86201423,0.24538781123487646,1.0002759273619546
58,0.26377165,-2.4914923,0.2635197878464615,-2.4827295198920867
59,0.51645315,0.28714314,0.513666634255013,0.2847232031330476
60,0.47366166,2.4438398,0.4967326978237238,2.51173039829868
61,0.5670704,-0.045666784,0.5709287765893954,-0.05721878956500577
62,0.30906615,-1.9672766,0.3286037187840005,-2.036978814482701
63,0.20138982,-1.7185128,0.20220427490206624,-1.6458045137665491
64,0.9895315,-0.8577733,0.9879229917979516,-0.8526023864771035
65,1.6682898,-0.95977086,1.7049146752718696,-1.0171786700238756
66,1.1632642,-1.5691528,1.1561808382182324,-1.5594445419215732
67,0.9941306,1.0380422,0.9941952162621355,1.0434217696293637
68,0.8201538,0.5171064,0.8183967869495599,0.46219840370332993
69,0.9826615,-1.5767317,0.9837042641852773,-1.5679766142677536
70,1.0942097,-1.616133,1.0944879131178902,-1.6014435459198693
71,0.32344368,-1.2065319,0.3195020708289272,-1.1775976822482166
72,1.2300375,-1.8565946,1.2255596063149428,-1.8531830972907286
73,0.92182744,2.1613374,0.9174002230835279,2.145082794353602
74,0.29395387,1.7669951,0.29525777156439914,1.7084184284053507
75,1.6062151,1.2510147,1.6072848047242034,1.2373369930296731
76,1.1107311,-1.7351675,1.102726299917759,-1.7394009593250095
77,0.37787363,1.7683682,0.38062075233830184,1.7761764617833793
78,1.5061895,1.2567593,1.5012499950456895,1.2482141775381599
79,1.3407058,1.8389354,1.3476414758299688,1.9645309006453169
80,1.5159092,1.5387263,1.5010416953865957,1.5553964335389576
81,1.3118092,1.4419823,1.301288022079967,1.468512778610601
82,0.5206909,2.377523,0.5190867541524999,2.346260499415061
83,0.71566236,2.238613,0.7666423567536256,2.3879048234771623
84,1.1043168,2.3334079,1.0907445296702034,2.3182622398961588
85,0.36942363,2.345252,0.3676093065179174,2.331775755984763
86,0.29585066,-1.9555745,0.2892964878193894,-1.8813969620132425
87,1.6981664,1.4706459,1.6941970965479989,1.4710366924536924
88,1.0870816,-1.1229621,1.0884156075725488,-1.1268330012490932
89,0.5703076,-1.911038,0.5880747884371796,-1.9458344530078178
90,1.1830598,-1.4193096,1.1880479222982416,-1.4207149889744617
91,1.5660065,-1.5162497,1.5565668330261526,-1.5074960508796016
92,0.58946615,-0.7514275,0.5684822543000176,-0.6919772642316129
93,1.7990063,1.227048,1.8044498178400221,1.2133178734392727
94,0.19439688,-1.7548476,0.21815079487497596,-1.9428467734366055
95,0.9612514,-2.0138192,0.9570697837634229,-2.0042502950915333
96,1.310063,-1.2390875,1.304756276641816,-1.2367110757536008
97,0.086194836,-1.4930326,0.08382548608711116,-1.140981327794753
98,1.5440252,1.736408,1.537583682774167,1.7390816147487247
99,0.8804426,1.3606696,0.891856286719491,1.3649434715610185
100,0.23025465,-1.1889672,0.22999408302721988,-1.1389023069536135
101,0.8365999,1.7860682,0.8407459582089458,1.7794483961266683
102,0.59118974,-1.3568071,0.593633971792738,-1.3120669324357017
103,0.82561976,0.750591,0.8260912517101071,0.7652450621709741
104,0.7713202,1.9249383,0.7752803726039683,1.916594953578941
105,1.9145457,1.8863022,1.913847262259699,1.8984478633077317
106,1.76443,-1.8510087,1.7775642826748013,-1.85803874407691
107,1.2586844,-2.4096682,1.2567713863804368,-2.403599897044807
108,0.90895534,-2.6375234,0.9132807226793047,-2.6214752174987668
109,0.72075546,1.9385947,0.7193751423898819,1.9252049805142717
110,0.8070442,-0.49629664,0.8016930942999206,-0.4507362673842022
111,1.215473,1.6316336,1.2130415081317087,1.635705656414397
112,0.1493805,2.2239149,0.13042082088147575,2.114553075102423
113,0.9181954,1.1874031,0.9332350094039006,1.2016165713084708
114,1.0200933,-1.7724888,1.0232655916301545,-1.7782351381393746
115,0.19083014,2.652127,0.2569104013129684,2.9286749981847224
116,1.353049,1.7010926,1.3366387536914732,1.712806163633057
117,2.058071,-1.516904,2.0714863397305296,-1.5096816788498482
118,0.37112784,0.8763484,0.36370415807720213,0.8920622458766649
119,0.38689643,0.8605116,0.38613071685525724,0.9381696681098122
120,2.079924,-2.0640888,2.1232636969540524,-2.074225002219746
121,2.0760372,-2.0120544,2.102459769984144,-2.0148092349704267
122,0.11930581,2.2374713,0.10287240218632047,2.101517079793687
123,1.5308496,1.408997,1.528176836858425,1.4045232751130832
124,0.68399775,2.7015083,0.7251815646374387,2.867172929187761
125,2.0516074,1.715507,2.0722015802605402,1.727365145447042
126,0.9577843,0.9575518,0.9601039431252685,0.9595656773662834
127,1.031504,3.0562792,1.0079694974263431,3.033768303528909
128,0.5344762,0.5634009,0.5367879804914688,0.5869353130870514
129,0.5367,-1.6646017,0.5503852708665488,-1.70564687913169
130,1.5672468,-1.3820392,1.5610387816534574,-1.3765879245340684
131,2.2342062,1.7901162,2.295570877049647,1.8760528360693738
132,1.1586238,0.937306,1.1598192197992174,0.9396513760833359
133,0.6692337,-0.49298418,0.6718531900504723,-0.5032458281780782
134,0.3231014,-1.027181,0.33687628743193,-1.1231898833254856
135,0.6601056,1.4838212,0.6584012261671648,1.5014918991288266
136,1.4038885,-1.6987698,1.4255582586144082,-1.7187765160089177
137,1.6302643,1.5654179,1.6170835872403675,1.561211166756908
138,1.2049103,-1.5839171,1.1974219664488,-1.577534594076126
139,1.1673143,-0.8982877,1.1865856955560623,-0.9397517727374588
140,0.98411953,1.6674758,0.9764015274033728,1.6686400921780107
141,1.0436273,1.5445999,1.051671740262019,1.545695288601496
142,0.24988738,-2.2360458,0.2722364275880208,-2.370125325378838
143,1.1485136,-0.55063826,1.1479126466859024,-0.5475625735201138
144,0.6076498,-1.2580128,0.6074657459355823,-1.23346048572692
145,1.1511021,-2.4050412,1.1570063885636832,-2.4112163133925404
146,0.50901496,-1.7471857,0.501317393491251,-1.7003810466278508
147,1.1247818,-1.3349663,1.129914652596276,-1.3294000362273761
148,1.1473277,-0.9691866,1.1546646257624644,-0.9628490385682755
149,1.0064415,0.84874344,1.012518209446821,0.8357021741880123
150,0.45216382,2.90437,0.43644020106733156,2.9156188092632997
151,1.8837757,-1.4382219,1.8863621344602555,-1.430211641915407
152,0.5186234,2.8873417,0.49957279107767677,2.864111336083448
153,1.6092757,1.2102026,1.6099938974948413,1.1952365834607792
154,1.3211213,1.3287015,1.3152088353249467,1.325759404948406
155,0.377379,0.41383684,0.3737394098204325,0.4998208399238269
156,1.127683,-1.4114866,1.1358641884544778,-1.4119989058769458
157,0.9763613,1.473123,0.9778916457668783,1.473360405434701
158,0.6318509,0.6648942,0.638782413770735,0.6920801069434793
159,1.7084793,1.9265547,1.6881188005198253,1.9822944841641836
160,0.19856718,2.0747836,0.1863997688956458,2.1578130127547754
161,1.140744,1.0017425,1.1478891846190358,0.9994676082570961
162,0.8675797,-2.3293598,0.872301276739639,-2.310526886451794
163,0.6994634,-1.7936245,0.707443735500902,-1.753156455739545
164,0.9689504,1.9290364,0.9601244811240858,1.9463819844069123
165,0.85637337,1.9631256,0.8552288384237331,1.9665325692778792
166,1.4931045,1.1379375,1.4982095094020602,1.1239360191639098
167,0.25737652,-0.7352571,0.26372551781900305,-0.8395609880711619
168,0.71938795,-3.0151706,0.7267325790030847,-3.0421275053951304
169,0.8297358,0.5294131,0.8353468614600636,0.5495038438614095
170,0.95494795,1.5226669,0.9572901580769879,1.5362631805701439
171,0.5216165,2.3654587,0.5304293530462735,2.392677660740234
172,0.49669158,1.156894,0.49319832573401884,1.1956151857091946
173,0.65658545,1.1902345,0.6613225576343108,1.2327047840486005
174,0.81250256,-1.8131435,0.8030164390722315,-1.8113644995089795
175,0.3609634,2.2248743,0.36654974578081245,2.268855660931583
176,1.1879439,1.9875606,1.176124070826452,2.051136864655569
177,0.91999054,1.3810699,0.9179195425338327,1.3723585858694534
178,0.92114925,-1.3482633,0.9169122567521115,-1.3333548358979996
179,1.2185627,-2.6283426,1.222474964315548,-2.621744752842278
180,0.4930473,2.579701,0.48733758787393505,2.602383158377091
181,0.7394769,-1.891388,0.7530083578700265,-1.909052594859413
182,0.8516853,-0.36148518,0.8600075179232636,-0.35260857505124493
183,2.139699,1.2503607,2.182231727129597,1.2761972743524794
184,0.1165772,-2.123718,0.11443278351202546,-2.078869815969679
185,1.19376,-1.6440848,1.198357959676619,-1.6438615168176098
186,0.7096272,1.861882,0.7134397741060383,1.8748234708970513
187,2.2427635,1.6521877,2.344509544596356,1.8252222084828387
188,1.5447526,0.8773017,1.5493908006895734,0.8487856510517919
189,0.81594455,-1.7432371,0.8157450981923963,-1.7137051016814444
190,0.89365214,-1.9550374,0.8877746472667568,-1.9455820061972087
191,0.61554253,-0.6450445,0.6170748934258485,-0.6271229339072902
192,0.8820788,1.4319001,0.8959460320803527,1.4389181002772422
193,0.03866311,-1.8962328,0.04896079763052873,-0.6882532390471461
194,0.372414,2.9317944,0.3631587789730367,3.0637285418627953
195,1.5916711,1.4862174,1.5817898775456682,1.5339245036301803
196,0.90108067,2.0186584,0.8973265917494883,2.0070807269462407
197,1.2310658,-1.7248195,1.2252419252062459,-1.721221629197277
198,0.7660388,-1.2583795,0.7713294857207551,-1.2362484140378402
199,1.5013953,-0.97281355,1.5003147682101852,-0.9630980312133137
200,1.3891613,-1.5728283,1.3968100527424145,-1.5761175610706517
201,1.5191942,-1.090368,1.5101335461408378,-1.0950253876740665
202,1.0473471,2.7833328,1.052875108729217,2.76995978268002
203,0.70766395,-2.453443,0.711694944787804,-2.4298317365691067
204,0.8215495,1.1557591,0.8209479289550212,1.1404588796242399
205,0.4239264,-0.080951124,0.4194741865060788,-0.033802718022347134
206,0.8848845,0.55299675,0.8973515550190754,0.5873805840039613
207,0.38741264,-2.4405189,0.3854828012877697,-2.38763037588904
208,0.8074326,0.200227,0.8128609446203362,0.24677103377385085
209,0.6033386,1.9376721,0.603691018917345,1.9584822836166165
210,0.7968178,-1.960844,0.7904016907220485,-1.9554723042280802
211,1.1091281,2.381769,1.11166192004142,2.4902138058522327
212,0.8837515,-1.9533145,0.8822469434504878,-1.938613152285486
213,0.7801458,2.1244562,0.7827132216949257,2.1130282963601745
214,1.1162612,1.1023147,1.1218003638315486,1.1054747861141176
215,1.6393754,2.0849688,1.6342012724799504,2.0951553566938115
216,0.9461564,0.83392495,0.952395704182279,0.8470935094666805
217,1.064848,1.9452012,1.055698823196473,1.9403386937025695
218,0.66253734,-1.2751118,0.6734054695187658,-1.2854106405114443
219,0.6133333,2.7296586,0.6160898055088281,2.7191305544216884
220,1.295937,-1.0097259,1.3006583605417172,-1.0021086409349382
221,0.8112138,0.85076743,0.8111026752397161,0.8630574023624406
222,1.5884769,-1.6510701,1.5893105767632776,-1.6692762889021269
223,0.41130072,-2.4915724,0.41426443504860805,-2.4284440135316276
224,0.5036433,1.4956948,0.5038918588784755,1.4738431820109061
225,0.53640056,-0.57929873,0.5349798440385072,-0.5381826489373998
226,0.67504066,-1.5450299,0.689585696322036,-1.5721030502446662
227,0.6939116,0.046697766,0.7001787868469328,0.05742792708363309
228,1.3851146,1.9114435,1.378635796677595,1.914906015286545
229,0.37643373,-0.40685773,0.37847602922953993,-0.44769524036673203
230,1.575453,1.7724595,1.5631259734508878,1.7817959925709534
231,0.67017615,1.6320187,0.6690970589272013,1.6499445883528974
232,1.8063403,1.4231522,1.8072082808070629,1.4256885994831656
233,0.7985577,-2.2464585,0.8070553046606271,-2.236190596843466
234,0.35741657,1.736542,0.35803773976975883,1.710819094999502
235,0.64120805,-1.6327333,0.6469013092411701,-1.645381447520655
236,0.7745757,2.1316469,0.7732704682687552,2.1282634720756812
237,0.74009955,2.9202843,0.7277273679525169,2.8848794617971394
238,1.0488601,1.8075712,1.0459477659363399,1.8030006713112918
239,1.1969702,2.088204,1.1766603020504818,2.1143368382552348
240,0.30550796,-2.1068335,0.30698115526887493,-2.0142510124752295
241,0.5578283,1.516765,0.5593985607965479,1.5630244172149996
242,1.2259816,2.4860945,1.2032973636171123,2.539245218073161
243,0.5120144,1.0111747,0.515384010833098,1.0786953427716743
244,1.3867022,1.9102032,1.3761887078555681,1.9105948626640392
245,0.56775725,2.794131,0.6423579317944923,3.0530663024321325
246,0.33618253,-2.3423908,0.3537900958578373,-2.404749717478691
247,0.7326829,1.2653233,0.7426056628099066,1.2670071233456572
248,0.14471313,-0.31193405,0.1404680316354616,-0.4114477980765768
249,1.1366451,1.2097944,1.1325415087985704,1.197360457418442
250,1.797965,-1.7509161,1.8186771546486207,-1.7982531995666517
251,1.5717931,1.1881661,1.5754680201749247,1.1723012171279596
252,0.9511395,-1.253978,0.9480784710576666,-1.2486236714557148
253,0.28812507,0.53360575,0.28284207575760684,0.6678698667016223
254,1.308368,-1.5875304,1.2990134236452,-1.5792801348361765
255,1.0578443,-1.5914071,1.0635986808912494,-1.5889962911799125
256,0.8214629,1.269397,0.8307056225512609,1.2711262667392658
257,0.4503764,0.12785141,0.4460039656469776,0.18049297064988126
258,0.81870437,-1.8019084,0.8183575363636877,-1.7720452115983425
259,0.13221183,-1.7960724,0.1302066182688939,-1.7122644610487276
260,1.1594721,1.2303481,1.1576670940259477,1.2187294475383423
261,1.5238583,-1.5286773,1.5203808262858722,-1.523603189870119
262,0.5924933,0.16373836,0.5910194190172631,0.2054042899069216
263,0.6847379,-0.20306627,0.674954600671765,-0.14256402971082355
264,1.3513571,-1.6971748,1.3444859523019184,-1.6859500114408297
265,1.0488781,1.5365924,1.0570887483299338,1.537982648008807
266,1.9549189,-1.1348896,1.9481938396892278,-1.1226051074923566
267,1.2873043,-2.5213666,1.2908528881913826,-2.5167978625182528
268,0.8213264,-2.9093962,0.8639113716054783,-2.9582937682823087
269,1.1684228,1.7779784,1.1668430815561224,1.7822529909816909
270,0.5077871,-1.8723654,0.498383077840447,-1.8314489502848235
271,1.7979646,-1.3633432,1.788601529947359,-1.3540628853832515
272,1.2552276,1.3756245,1.2545339241073583,1.3776013918152175
273,1.1788011,1.5859362,1.1779727011827623,1.590990344585598
274,0.46990865,0.8111991,0.4674278278115704,0.8329233652929455
275,0.9870374,2.1212976,0.9841391802440685,2.178205926736233
276,1.1916361,-2.4767861,1.1970690998694953,-2.476006780710623
277,0.72106177,-3.1248949,0.7270044994403676,3.1013734163321964
278,0.9356191,1.7398021,0.9337996505883005,1.7359227251899072
279,0.42775735,1.373914,0.42959012910791583,1.3987691210801696
280,1.0013144,0.7896665,1.0086045016260576,0.797479369749404
281,0.4880517,0.7727269,0.48985762396403754,0.7543951178907797
282,1.8629401,-1.6662694,1.8664755045890227,-1.659468893492792
283,0.12487363,0.15409222,0.10026301005495612,0.3889166394319601
284,0.6595439,-2.138442,0.6720139368095158,-2.1386722271237044
285,1.252426,1.1251507,1.2497106784177028,1.1232615918566924
286,1.1644524,-1.3497671,1.1638727113976777,-1.3422894805322925
287,0.5938256,0.5390829,0.5929774619639249,0.5832259548746465
288,1.1548477,1.4897145,1.1514089476523406,1.5337720340930059
289,0.32310897,-2.3685133,0.334244267586548,-2.4136984063869766
290,0.4853933,-0.23059972,0.48003691674559695,-0.2030099336507176
291,0.38464734,2.5320632,0.3756262280558346,2.4902533944616865
292,0.41777042,2.0098639,0.421379561200883,1.979015538826505
293,1.2798197,2.0182552,1.2684084948864287,2.0182620358671937
294,1.8200418,1.4554725,1.806428965887402,1.4488772222891206
295,0.4029413,0.42734802,0.400433017782047,0.5214718078173323
296,1.1237395,-1.9059796,1.118728696365799,-1.9256062296012166
297,1.1378456,-2.0214195,1.1484639855622256,-2.010158844790583
298,0.75855106,-0.2935813,0.7650505834541904,-0.3213197350516844
299,1.7548938,1.2214836,1.7559095115738061,1.2073567916756385
300,0.9272082,-1.1589721,0.9334205655957585,-1.1700487391158148
301,0.63478637,-1.5986217,0.6254130758371799,-1.5676652177401926
302,1.3776755,-1.6814075,1.3798679143625112,-1.6785791829114838
303,1.0182972,0.9391208,1.024007920446118,0.94873253974775
304,2.1536515,1.7554812,2.1942817721825407,1.77722708032635
305,1.6144131,-1.4223381,1.6165962148231234,-1.417558609810372
306,1.6967328,1.3218826,1.699371764850741,1.3108803090323693
307,1.3123802,-2.153103,1.3065172435995869,-2.1449592330963902
308,0.50433517,-2.0470614,0.5118746793479599,-2.047954919051615
309,0.6278601,1.1480932,0.6249553412648142,1.1185126007014945
310,0.28799617,0.8433676,0.27856251559445666,0.8807815426015962
311,1.0448143,0.23459831,1.0508783475008314,0.24348741995182543
312,0.5050123,1.7247365,0.5080748464657067,1.7187557140911642
313,0.66378796,-0.8329249,0.6631994571705271,-0.8268108981906763
314,1.5277467,-1.8266848,1.5278430855936227,-1.8227093773185348
315,1.572538,-1.2177845,1.5665347412673796,-1.2101953465212603
316,1.4063518,1.9714969,1.382299976702635,2.0124132124109604
317,1.0249788,1.597498,1.0321832281951777,1.6642895373726887
318,0.2652959,-1.8128998,0.2563043052843094,-1.6956605203087711
319,0.47096425,1.2980912,0.4763115637430596,1.2728468219098603
320,1.5591426,1.4870871,1.5468818353466274,1.4818531833553743
321,0.33656007,-2.1610565,0.3519760401856994,-2.198180852207307
322,0.42093328,-3.053867,0.4221167120139789,3.1346807101144702
323,0.5342528,-0.97309095,0.5414074642331481,-1.0085180376332241
324,0.67991394,0.25490955,0.6804595437628469,0.28799608512117064
325,2.021176,1.5438238,2.022389504016279,1.546004088283403
326,0.35314026,1.662349,0.34754242868355056,1.705716335108676
327,0.8914414,1.8300534,0.8954264712713349,1.839745616576064
328,1.004604,1.277544,1.0178850156280537,1.2871344144214003
329,0.2755237,2.3391275,0.2955780971961732,2.356842992645291
330,0.99730134,-0.9858386,1.0043704796456605,-0.9742171029266622
331,0.6080782,2.5216997,0.6080847958473945,2.5342303419330063
332,0.52467173,1.9120224,0.5270155864586257,1.8942701840736527
333,0.9093585,-1.3538542,0.9072615119174995,-1.3384561974023663
334,0.88166404,-2.830417,0.8900385225280275,-2.829567667240761
335,1.5815973,-1.9815736,1.611945055246995,-2.005183470004583
336,0.3985415,2.3086839,0.406752662860616,2.3015494955792963
337,2.1858878,1.4519842,2.2334037571209717,1.4527293508113943
338,0.8713905,-2.7750857,0.8777316275501638,-2.7786711583390784
339,1.0459912,-1.2291945,1.0430148671866104,-1.229148813876498
340,0.97770464,-2.4396393,0.9831816249470752,-2.434101342388214
341,0.48329383,-3.0299995,0.48124844099632824,-3.0908705623834156
342,1.7441891,1.4399065,1.7455667147102534,1.4328198093840798
343,0.06228377,0.4406287,0.05483984770460491,1.0501444029512486
344,0.30190787,2.4591963,0.29354215082128365,2.399919184112136
345,0.89699984,-1.6726016,0.8963377439884695,-1.6715673445672037
346,1.2795123,-2.1961944,1.2820956728815567,-2.189180977743982
347,0.3774135,0.20789069,0.3729915575853986,0.2911875831409001
348,1.4696721,-1.7102574,1.4692205245587067,-1.7066798690365608
349,0.62118196,-1.0878758,0.6121994630726612,-1.0516606877862806
350,0.75838244,-1.4285198,0.7641975611145573,-1.4021096178334658
351,1.3408818,-1.0908126,1.3325781576224383,-1.085198903892785
352,1.500075,-2.0834486,1.4929369243627464,-2.0752285167847293
353,1.6409624,1.3843673,1.6322008836939916,1.4060390187740741
354,0.56775,-2.2921147,0.5782398011994985,-2.3016869993873375
355,1.025567,-0.979436,1.0314070138820537,-0.9784424878366025
356,0.32601535,0.098563656,0.3216425659892957,0.22207330469073094
357,1.7561623,-1.902413,1.787471003687675,-1.9232704420288667
358,1.1927235,2.082779,1.1895874777348174,2.081849676947419
359,1.0536993,-1.672656,1.0588879780186669,-1.669320373261145
360,1.2657783,1.3613793,1.2675482853567228,1.361877165373335
361,1.0387087,-1.6256577,1.0460955665662715,-1.6306179131529153
362,1.1828303,1.595036,1.1828842883374024,1.5927151092871747
363,0.78185266,-0.55953854,0.7833013700481459,-0.5622793360429414
364,0.41631055,1.7380061,0.41223316907941626,1.7712301409450495
365,0.37107503,-1.0397738,0.38455968841427624,-1.1195687601315842
366,0.645776,2.5308146,0.7051043309873399,2.711743106368617
367,0.35844937,-1.9779451,0.3624929391542832,-1.8769052201998861
368,1.7968302,-1.3660245,1.8012216984669376,-1.3882111040733447
369,0.79799443,-1.9023129,0.7928872512916976,-1.9154686057346522
370,1.6606606,1.5891155,1.6461360914047511,1.6227480970172736
371,0.58653235,-2.066184,0.5917288507511681,-2.0078633752430255
372,0.9429062,1.194782,0.9413001311038216,1.1803121584270195
373,0.7760937,-0.08481108,0.7767546602104886,-0.06591617148182181
374,1.4912896,1.186078,1.4925333477751344,1.170768950609509
375,0.6780339,-2.810599,0.6866618709287498,-2.8262379850707426
376,1.1747385,1.7352225,1.1687750431393484,1.7358028246916994
377,0.6871372,-0.9921809,0.6920785858291204,-0.9685164188728475
378,0.6294328,-1.996664,0.6402774109446758,-2.0147284767072033
379,1.2604022,-1.707113,1.2637344241222186,-1.7046927030958332
380,0.88558006,0.6189986,0.8889424736132803,0.6360276052696832
381,1.4293532,-2.2705812,1.4375344022838539,-2.278406538281627
382,0.96582663,0.71414477,0.9777809174790266,0.7306938613840402
383,1.1850067,1.6149449,1.1881944731450012,1.614382327711374
384,0.8494503,-2.3727033,0.8538454435452962,-2.352039484480913
385,0.42007306,-0.30880398,0.42242835489282066,-0.3525405377503736
386,1.470114,1.1445127,1.4629112714112538,1.1384609935370889
387,0.54850256,0.29175922,0.5453379514451454,0.32732397196434143
388,0.6047288,0.14957066,0.6082022677335579,0.1418889144367841
389,1.9097213,1.5549861,1.9127786288744448,1.5526031232714783
390,1.2499646,2.2239661,1.2942037186086974,2.4319456548151925
391,0.97736907,0.09182125,0.9829228447114011,0.1428797945291336
392,0.91374713,0.6244187,0.9229763866088502,0.6351481509840418
393,0.94156134,1.1875293,0.9451477726727437,1.1847410230165316
394,0.79218227,-0.15461527,0.7970133266014657,-0.1376475795060767
395,1.1824852,1.7631339,1.1787892537197664,1.759381759066589
396,0.7961614,-1.9723606,0.8065116730802134,-1.9852869554489894
397,0.6961117,-1.1596808,0.696589735236621,-1.131737977212002
398,1.1529852,2.1582854,1.1440436220340837,2.1501893514883856
399,0.8275873,1.5262585,0.8261608338164825,1.5267964606282176
400,1.2179782,0.75282484,1.2242496496602404,0.7512803532477863
401,1.5022354,-1.963474,1.493223763643915,-1.954355413502318
402,0.2627658,0.4941498,0.2535984959618104,0.4805540783159995
403,0.31776336,-2.8951924,0.3226272917991221,-3.0070913320525485
404,1.0799713,-2.2078989,1.077174150619579,-2.1874298775710814
405,1.7348845,-1.9774506,1.737490111838252,-1.9743614258759765
406,0.85534036,-1.5205326,0.8588341145738505,-1.4966617866364158
407,0.20884544,1.4164488,0.21110347917685207,1.287883894808169
408,0.7904333,1.7508562,0.7953623654351104,1.770471003211002
409,1.409337,1.3013977,1.4030576719755277,1.2944155898485874
410,1.099159,0.9000028,1.1018509700971757,0.9053062216261357
411,0.5688826,-0.9226385,0.5793634069676461,-0.9558885248457711
412,0.959684,-2.3511305,0.9607074172745406,-2.3298657591970287
413,0.4223224,1.4231303,0.4270107828797293,1.5127690612342024
414,0.5232842,0.44501323,0.5199679142739373,0.44706179203827384
415,1.1274686,1.3691263,1.1206883242913035,1.3640926065269723
416,0.09620439,-1.8032067,0.12492714498680108,-2.180675108665815
417,0.5078877,-1.2687215,0.5201610831201707,-1.295201771134588
418,0.64426273,2.1795068,0.6501839473719123,2.197747169581519
419,1.6980774,-1.3112382,1.6959266359960008,-1.3027754446034367
420,1.7440233,1.6838194,1.7397275621566752,1.7758431935532186
421,0.6863561,2.4580567,0.6923475088945997,2.4447205428560723
422,0.68466306,0.22239627,0.6910276647317812,0.23412714029938525
423,1.6011697,1.0497417,1.6075032245168592,1.0265708859914084
424,0.18101597,2.7138002,0.1565693227835063,2.865831619657126
425,1.3800961,-1.6881981,1.3948601066031718,-1.6981412114751873
426,1.1354992,2.173218,1.1308324422782399,2.1655880696695977
427,1.2914507,-1.269313,1.2840434962619192,-1.2652084405810635
428,0.96561253,1.4151453,0.9631931906923575,1.4079588890849823
429,0.70873696,-0.29768348,0.7123505539292844,-0.2739939974809052
430,0.55847275,-2.8898792,0.5812498953744017,-2.912348775669845
431,0.45956898,1.7313423,0.46733724893512396,1.77649144187791
432,0.45603925,2.2418396,0.4639571820770247,2.2688476079821394
433,1.9008799,-1.6551642,1.8996476724849518,-1.646277648761512
434,0.49058193,-1.0438182,0.4972459655706308,-1.0802562564298155
435,0.2565917,2.8659003,0.22729451587388672,3.035627831480103
436,1.7852076,1.5922515,1.7858673778297984,1.59158656916497
437,0.96236074,-2.1934953,0.9625258741252746,-2.184529477412478
438,0.34708512,0.2008812,0.3413857517390552,0.18529342131597323
439,1.7918581,-1.2105443,1.7813430189369575,-1.2021647067616004
440,0.38975626,2.0533676,0.4138806369458084,2.0815229669591737
441,0.74890006,-1.0125813,0.7542118359543328,-1.001742931445385
442,1.1826642,-2.4359047,1.185418551101735,-2.424330513486518
443,0.7352775,-0.36527812,0.7387444794549559,-0.3430504915908779
444,0.7429613,-0.48382926,0.7507369007862552,-0.4820052429455929
445,0.65346885,1.7511568,0.6600056406123715,1.7647046222737426
446,1.5069227,1.8602532,1.5048467534733243,1.8635054297882099
447,0.84223986,-0.6260466,0.8507650754135394,-0.6168269981151494
448,0.7119398,-1.6137252,0.7199506440709355,-1.6340079784897092
449,0.62201375,2.0765004,0.626080467854512,2.099586560419201
450,0.7626414,1.599809,0.7611010019167062,1.600125026121952
451,0.6990689,-1.6766579,0.7084284650739834,-1.698782974946888
452,0.8953006,-2.6526883,0.8997492479042049,-2.637518542190773
453,1.1060026,-1.025238,1.1146758101282748,-1.0324556090732244
454,0.3873358,1.3930953,0.38558174285744906,1.3493445470967567
455,1.5007732,1.2303785,1.4966087005550264,1.220132597513726
456,0.26372465,1.7017008,0.2571514133032163,1.6342580315758666
457,0.7628714,0.24637075,0.7692148996102153,0.25171094677895245
458,0.8160551,0.65255886,0.8193098899530956,0.6757556892873169
459,1.5557461,-1.4557751,1.5722805954794337,-1.4727945053290725
460,0.4157222,1.2411066,0.41199199999336206,1.2187510902524985
461,0.6251347,2.782727,0.6286570848318409,2.8071670377877402
462,0.20594794,-1.2049065,0.2245138210110696,-1.3851019781642788
463,0.55260205,1.681467,0.5594607706145928,1.705056999132106
464,0.47088534,-1.239508,0.4740761017970059,-1.178020562387685
465,1.846595,1.4966391,1.8448365374563003,1.54017256073474
466,0.3677351,2.658018,0.36449336098387486,2.7469937268751314
467,1.0062838,-1.3319991,1.0081702766693976,-1.3202038857465048
468,1.017331,1.3853681,1.025476617287107,1.3874672052238572
469,0.79487246,2.347901,0.7995447662592151,2.3471480453985585
470,0.75290215,-2.2187011,0.76447497167096,-2.2189444409819967
471,0.70154285,-2.0912688,0.7051009892763507,-2.079434188886516
472,1.4740827,-1.1781702,1.4715069585232161,-1.1773771363881305
473,0.875055,-2.6996517,0.8804899012615954,-2.6932644356675914
474,0.7574651,-0.7952042,0.7565869790635,-0.7876732895578903
475,0.6169822,1.4364982,0.6238222010567034,1.4383666624531428
476,0.35823178,-0.09102781,0.3525715470457776,-0.040459378436391004
477,1.4061389,-1.8149134,1.4053952958216716,-1.8208450578045363
478,1.6152978,1.4319369,1.602902419062455,1.4261652547308652
479,0.8929192,-2.3838646,0.9000541857202459,-2.3907962497695534
480,2.3458872,-1.1552325,2.412969078318804,-1.1805171100907608
481,0.04000008,0.7433216,0.03979308987776786,1.7490878007745903
482,0.8532597,2.6367192,0.8561369487936631,2.6368215221958553
483,1.2687453,-1.0643116,1.262841964846433,-1.06062733941327
484,2.0058389,1.4584445,2.0274784625141438,1.5270961576821065
485,0.5535194,2.5240993,0.5466167726037353,2.485345986054078
486,0.49386156,1.2033167,0.4896917277850282,1.2318184669358536
487,0.43694693,0.6518898,0.431165746179774,0.6610616869971018
488,0.8113235,2.3848999,0.8118344510897958,2.3805655027548633
489,1.7014052,1.8085337,1.6896629903781053,1.825987766018151
490,1.7463446,1.9604242,1.736533195462838,1.969154006414284
491,0.36016938,1.9792002,0.3683298522619984,2.0747881605081444
492,1.6663884,1.6130534,1.6514387469833718,1.641994795480893
493,1.1214384,-1.6748714,1.1225670712205356,-1.6786014676799328
494,0.7347535,-1.3115859,0.737556970809676,-1.2826503817151433
495,0.67298,-0.7457037,0.6762439617465235,-0.7596904902802498
496,1.2778265,-1.3358221,1.2784855394087373,-1.3356487338765548
497,0.5972067,1.2086399,0.6004252173439482,1.2235267347418062
498,0.1652886,-1.0337323,0.1437745924251735,-0.8566391811210841
499,1.314053,-2.0963955,1.3167285181968924,-2.114735602661808
500,1.5362357,-1.6838583,1.524891360597814,-1.6740798711022984
501,0.06006951,1.6002033,0.06889609609222648,2.394262625879254
502,0.48745227,-1.4061897,0.49280536473519915,-1.349931624393549
503,1.8455135,1.191292,1.8521457620496362,1.1918684664723456
504,0.5539401,1.8272203,0.5583517555525676,1.8707014779363202
505,1.329144,1.245997,1.332034498488318,1.2428420510011298
506,1.4335151,-2.0274403,1.4307770591325513,-2.0228367055297802
507,1.0104692,-0.4247973,1.0149139545582118,-0.42110029462836274
508,1.1593444,-2.0748565,1.1619262329117805,-2.0568468290846074
509,1.2192359,-1.8923553,1.2206805758900743,-1.8872416742810723
510,1.0997673,1.39851,1.0930118021771256,1.3939873443003423
511,1.925351,-1.5096724,1.9251520192797773,-1.4996749751044514
512,0.82413733,1.5015565,0.8331236270663845,1.5003144623265943
513,0.8694799,1.8325874,0.8682308753822683,1.8578916920435795
514,0.31324026,-2.2091491,0.31650938385972466,-2.172034118442455
515,0.5213995,1.9870569,0.5297058489113776,2.009654225550556
516,0.7538109,-1.4079347,0.7620484275205314,-1.4067818646131303
517,0.76165396,-3.01816,0.7632909586875932,-3.0415304314518274
518,1.4688649,-2.2900164,1.480026278339233,-2.302088293308403
519,1.6198629,-1.3727195,1.6138868985001469,-1.3650987722550956
520,1.2629573,-1.5885876,1.2542599225469537,-1.5797544903114902
521,0.3927173,-0.1724522,0.3898735131299788,-0.08224183130037273
522,1.2449424,1.4524182,1.2362977090469434,1.4504752459685497
523,0.6851368,3.0873206,0.6465029774802534,3.078278959305808
524,0.41096753,-2.3431003,0.4188151816408561,-2.3452804294311607
525,0.9724343,-2.0734568,0.9754512507485538,-2.0735373853483665
526,2.0455804,1.7788899,2.053023751070831,1.7914946292228549
527,0.86641824,-2.487847,0.8741243414002136,-2.488480147743809
528,0.07412244,1.9002087,0.0813697778080272,2.5576286013104435
529,1.0668318,-2.345069,1.067731278793066,-2.32930166222027
530,0.9690703,-0.4322613,0.9776708877682257,-0.4085598287022473
531,1.7254657,1.3850933,1.7280629492949962,1.3758645449260312
532,0.4784732,0.81144756,0.48036912078083743,0.8829775757790286
533,0.7388959,-2.7393918,0.742438770380715,-2.7276612170615695
534,1.6084524,-1.197242,1.6283985760382331,-1.223239311660751
535,0.45282066,2.3214133,0.49801241961270726,2.4376064320106856
536,1.2048659,-2.0913577,1.2074194752580687,-2.0839582452917957
537,0.7497427,0.7751688,0.7490346934379486,0.7891633983760298
538,1.2018334,-1.2303838,1.1957411798972464,-1.2251215620582663
539,2.0578887,1.4963875,2.08121355098312,1.5528769313663024
540,1.7271421,1.5143052,1.7247936901745824,1.5158482303534788
541,0.5457794,-2.571854,0.5517246004773327,-2.550479088831252
542,0.7593391,-0.0006685257,0.7570942965968546,0.05538947070935286
543,0.8977591,-1.7697756,0.8960553063591562,-1.744908329196301
544,1.1598825,-1.281477,1.164993148396875,-1.2750917569501925
545,1.0293216,0.6678756,1.0402726995531264,0.6827411152820111
546,0.50732,-2.0285318,0.5133873241807372,-1.9589804347539488
547,0.7761802,-0.7449514,0.7842026766543045,-0.7458963834639942
548,0.8188035,-1.563766,0.817755276379732,-1.5484722540672882
549,1.1043957,-2.2652934,1.106776034048783,-2.272632604827741
550,0.8621197,-1.2096176,0.8765522044000383,-1.2265553066343353
551,0.5611872,2.7832084,0.5648669813101944,2.7962968948748843
552,0.8614728,-1.371051,0.846617894060316,-1.3587100486466457
553,1.8481078,1.2595942,1.8525832588740287,1.2634362378215627
554,1.1483084,1.9888681,1.1401880147963905,1.9848905465680653
555,0.4952007,1.8597664,0.5043376119792293,1.9097547794598764
556,1.4668555,1.178697,1.4696233630708548,1.170435331636597
557,0.65407705,0.42905343,0.6523592976359944,0.452172675904719
558,0.4232952,-2.2094715,0.43978035519289854,-2.2567777209384356
559,0.47949648,1.698495,0.4815881869786368,1.6750316828416891
560,0.074124426,1.913838,0.09429236704346254,1.5604733266401045
561,0.15785411,-2.7549214,0.13561610348068917,-2.48900081888471
562,0.25242627,2.1046224,0.24296730212232245,2.170775785647007
563,1.3386502,1.0935515,1.3348922969259551,1.090019127516583
564,1.3487169,-1.1050744,1.3516449596395044,-1.0936959665112491
565,1.2069712,-2.1287503,1.206894512566036,-2.1249193976483203
566,0.81167454,0.19191954,0.8130822689435542,0.21021691097537587
567,1.1998663,1.6823109,1.1961811794562656,1.6824022988970089
568,1.4889406,-1.3514769,1.4943411340905033,-1.3568542222355116
569,0.8129302,-1.202719,0.8096168908037165,-1.1817308805145972
570,1.3370734,1.8942925,1.3297823681977763,1.8964646810811845
571,0.13920656,-2.0623744,0.16419368923972918,-2.3150197191147135
572,0.89187086,-2.7936394,0.8966003448203995,-2.792214642325435
573,0.2408675,-2.785918,0.21520539798151528,-2.6473063385275064
574,0.86882156,2.7314668,0.8659502385621259,2.695830392825247
575,0.30888444,2.0263565,0.30857427330150355,2.127271026866926
576,0.4756484,-2.8287287,0.4837158461342378,-2.8726303385431313
577,0.9790007,1.5376009,0.9872211342390832,1.5378468263827385
578,0.47256166,0.08941789,0.4685623082823403,0.09796394886156409
579,1.3642024,-1.9668686,1.3643154450060546,-1.9816609177797297
580,0.51002944,0.3772313,0.5100714842244306,0.35979429739789476
581,0.5213168,3.004516,0.5184580742129707,3.075130349778722
582,0.83678716,-2.9007137,0.8438442413945958,-2.910849809693403
583,0.8540093,-1.401239,0.8640591527179823,-1.4059943152687542
584,0.38132313,1.2882376,0.384622161618893,1.3629076277502965
585,0.4081554,-0.23789172,0.4038069734494342,-0.1937207963821408
586,0.7180344,0.44124943,0.7212810501270528,0.43841706271979547
587,0.54979944,-2.447443,0.5463785423445836,-2.398966299551687
588,0.85455036,-1.1750638,0.8688648335225548,-1.1936391118284022
589,0.38196978,-2.8408735,0.39016585909753687,-2.917077510298993
590,1.1740198,-1.2644396,1.1767342009812598,-1.2668811756599632
591,0.35852176,-0.7762499,0.3567563100957195,-0.6820299531305892
592,0.883971,1.982395,0.8835076061393691,1.9865977713408738
593,0.22164413,0.12105273,0.21537266930096202,0.3221620780689061
594,1.6222805,1.603513,1.6174149359303347,1.6043072907231068
595,0.24554437,-0.2575276,0.23965950489651805,-0.10982220120161029
596,0.7655587,1.6733373,0.765807233701014,1.6901566925137672
597,0.26252177,-0.6804237,0.2635100154076471,-0.7291984492006004
598,0.782101,1.8133773,0.7802262239135048,1.8037144594086558
599,1.7255673,1.0626881,1.7163971853636062,1.0588784914802987
600,0.38747376,-1.4511414,0.390778944429636,-1.4420066584662623
601,0.15575182,-2.1183918,0.17943141736976276,-2.3517843773024305
602,0.22256425,1.5254518,0.22641380784270998,1.7179586916256386
603,0.7290187,-0.57857484,0.7338586919260096,-0.5604844849036889
604,0.21849918,-0.91756225,0.20778223368667723,-0.8913500526028213
605,0.3284594,-0.298096,0.32304718587880954,-0.19637866473989213
606,0.14072171,1.0659151,0.13968206878490994,1.423749057755556
607,0.3591448,-1.115746,0.34305495587940354,-1.0407341587179912
608,0.6068053,1.4127843,0.6050536335654573,1.4382289745940326
609,1.9445279,1.5099514,1.939450413286357,1.5091275058189926
610,1.0359144,1.4679632,1.0286029204626037,1.472112720601133
611,0.8070993,-1.4628682,0.8082779792030743,-1.436593958797834
612,1.1178173,1.8967416,1.1040747513177205,1.9005663327730715
613,0.622214,-1.5425683,0.6241964492742618,-1.5001040368447007
614,1.0672104,1.7817452,1.0678568287064836,1.7867923084776158
615,0.68360853,1.5158138,0.6859531955376017,1.5080679977124936
616,0.9723748,0.4587916,0.9824269886298177,0.47385240085852626
617,0.439047,-1.4289623,0.44301886772743254,-1.4313620058134247
618,1.2468326,-2.174188,1.241128213420657,-2.1613216625445815
619,0.7454623,2.4570546,0.7460624033557733,2.4564595753269787
620,0.78519046,-2.8654988,0.7921758888995414,-2.8781842022637507
621,1.229897,-2.130332,1.2473053962654361,-2.1303506097189473
622,1.2215555,-1.3322777,1.206877281350503,-1.3431075491346522
623,0.25002423,-0.22479396,0.2466697403793588,-0.2782147829520298
624,0.38616613,1.4281157,0.38440352240351355,1.4079367026511431
625,0.78041863,-1.0503849,0.7813122591333839,-1.0293954627089976
626,1.2037867,-1.4754697,1.2075516673257345,-1.4712645000946194
627,0.5941786,0.30658054,0.5942576043616673,0.3537752106738803
628,0.48337048,0.4178639,0.4831488004263715,0.4803058779559
629,1.1467603,1.3031203,1.1495271570763097,1.3007133668671602
630,0.8315847,-2.1503525,0.8405124993844697,-2.1562054615877755
631,0.4840297,-2.4320974,0.49237000138272646,-2.4335776265077604
632,0.25195643,-3.0669289,0.24450149554428038,3.02194643717802
633,1.1320364,0.96293604,1.1321172608263477,0.9640079956114322
634,1.5685526,-1.4167361,1.5671910882709126,-1.421743448096399
635,0.27408788,-0.5841452,0.2700106902745048,-0.5299286259628708
636,0.6023555,-0.02130711,0.6043388957293516,0.011329185766449392
637,0.44171295,-1.8412441,0.45333364592569314,-1.8747211818054657
638,0.8777298,-1.8114961,0.8854896426567485,-1.8080431742284984
639,2.2339966,1.8985021,2.299554905332775,2.0040142264180174
640,0.74082386,2.8106768,0.7470823039182671,2.8160027513309167
641,0.3917318,-1.3418982,0.39288433693612734,-1.3084821711412784
642,1.0268849,-1.136954,1.0352442719666186,-1.1341407286951575
643,1.8138103,1.628521,1.8072413286021694,1.648264509153976
644,1.6941304,1.9029838,1.6859645283927276,1.9179299275034885
645,0.74774116,-1.7968373,0.7501716151418195,-1.7586206949751761
646,0.22366586,-1.4224,0.24416185112940172,-1.5740712437995374
647,0.97689235,-1.6371802,0.9699868024443905,-1.6293495221711916
648,1.5420645,1.922938,1.5250049552532283,1.937914595446484
649,0.97071016,1.6131827,0.9708564260488771,1.6237138537265372
650,1.0862589,1.2173157,1.0845794212246658,1.2050063742068078
651,0.27605748,-0.57664007,0.2712313307988539,-0.4375166224243735
652,0.70241565,1.5334004,0.7089991739138278,1.5549990576361163
653,1.6427646,1.5892363,1.6428698265327433,1.5924457055345655
654,0.8292867,2.2985058,0.8208366443018563,2.2789081232931556
655,0.89608276,1.3040912,0.89895262821234,1.3033582793437075
656,1.5305775,-1.6784053,1.531435326750988,-1.6848122890028616
657,1.5957572,-2.107906,1.599984165860822,-2.1057749858639436
658,0.6418798,1.476191,0.6486184985358798,1.5155377796433018
659,0.7805966,1.4919279,0.7862011211439279,1.516971080964807
660,0.71313787,1.7896008,0.7167238840471473,1.7805128922168725
661,1.6420003,1.7076176,1.6376899513109238,1.7112079564975944
662,0.9543359,2.6460488,0.9582467845496281,2.641844009164397
663,0.42186072,0.51748633,0.41852478883615984,0.5727218175340187
664,1.2620991,1.4314215,1.2619012273281593,1.4302029743211133
665,0.6079317,-1.1324923,0.6084563672846809,-1.1285989168670576
666,0.3594155,-0.15886362,0.3538213275060504,-0.07896713139775338
667,0.46064454,2.5331726,0.523169962768916,2.7198563997243745
668,1.7513125,-1.2386395,1.7495929675449513,-1.262290852306934
669,0.91154635,-1.5762124,0.913419094386694,-1.5834866578100597
670,0.63964725,-2.8498154,0.6455081485300693,-2.855160280601723
671,1.7935643,1.362466,1.7954747101177275,1.4060923533272913
672,1.9474936,1.8466195,1.9481760470030898,1.9231692938244782
673,0.9435308,1.8741565,0.9418781116737936,1.878584408761716
674,1.7026017,-1.2956489,1.6907160796931695,-1.2864952381615682
675,0.8582507,-0.1860597,0.862587352691449,-0.17189820252447946
676,0.52750754,-1.7538023,0.523043266290028,-1.7128431964735207
677,0.7435436,2.9160914,0.7448432931033618,2.9575751277670044
678,1.5501575,-1.61621,1.5443939066602683,-1.608535419835256
679,1.3723507,-1.8061686,1.3625482588307958,-1.7953365765357192
680,1.3115504,0.7315651,1.3182686899094849,0.7252861237502868
681,1.1055541,-1.5480003,1.1095471315766285,-1.5435939743923532
682,0.68100995,2.902375,0.6948916386390662,3.0470474119407123
683,0.35860562,2.3950949,0.4199874276515572,2.5604498430814213
684,1.8438057,1.6586642,1.8472090371890404,1.6638955721203896
685,0.7720568,-1.7776141,0.7850562875247136,-1.7926689787953796
686,0.3077658,-2.8266773,0.3042550430651749,-2.8510926898938385
687,0.34522894,1.3397804,0.3477481463871649,1.4178776622490625
688,0.7842777,0.34841657,0.7892919631453642,0.33895900698783327
689,1.6893731,-1.750872,1.6830367519610745,-1.7427330161034857
690,1.7131903,-1.4688346,1.7028091338284062,-1.459122042232248
691,0.5737709,-1.1728888,0.5735077168534104,-1.1464112943528764
692,0.9168516,-2.1857746,0.9249130017243263,-2.1822634037575614
693,0.6540112,1.8573565,0.6547714176345277,1.8477537026117588
694,0.3908905,-3.0713892,0.3888812241667829,3.0977495671965745
695,0.22265077,0.5406082,0.21210242100923796,0.6183121825905643
696,0.4135385,2.0203085,0.4125201151591117,1.9978669116059762
697,0.8019798,1.6268857,0.807518306382712,1.6401854227119301
698,1.4199541,-1.8737574,1.421056329497011,-1.8758982927196726
699,1.2979008,-1.3876091,1.289610154987824,-1.3805044258881232
700,0.5171662,2.079296,0.5166076813393871,2.1038566358550286
701,0.42586783,3.12515,0.3944104307690799,-3.07237368190277
702,1.2916867,2.393275,1.2695165095599141,2.394677519060303
703,0.13655439,-0.62934643,0.1464627769292425,-0.9075794006202159
704,0.83325475,-2.5256584,0.8397721143105755,-2.5223185403980444
705,1.4790733,1.3862737,1.469170099801603,1.3809312979433206
706,0.5625591,1.8413537,0.5646830899442405,1.8260551253117348
707,0.41676354,0.29982078,0.414140556739302,0.37509738189423025
708,0.7294224,-2.5460637,0.7353767212489377,-2.5290408921158933
709,1.5827904,-1.9197445,1.58413909954395,-1.9159783584667152
710,1.5576489,1.128414,1.5614839364215807,1.1096745527736642
711,0.21483052,0.57283056,0.20450013200056413,0.5330676468938569
712,0.5394713,-0.2009783,0.5391391703166665,-0.18396100142201605
713,1.1304336,1.3467557,1.1306628280671651,1.3451349404931587
714,1.797527,1.3295112,1.7901910924110294,1.3270283887183518
715,1.1566588,-1.2085534,1.155153119791083,-1.2022881090422768
716,1.043148,-1.6806068,1.0490022388011686,-1.6872109975137388
717,0.51822335,-3.009827,0.5006540189866845,-2.9987641992199237
718,0.9082015,-2.1363945,0.9068362006688963,-2.114617157533165
719,1.4655535,1.7608811,1.4449584111169964,1.791069671250375
720,0.7819476,1.8237556,0.7836484618225253,1.8159272867804666
721,0.8815228,1.7754312,0.8818292459484038,1.7724664130334833
722,0.3136896,0.23087962,0.30600052254350246,0.2563864287512928
723,1.5779152,-1.9799693,1.596572848166234,-2.034257561761279
724,0.77592427,1.0436676,0.7858040139945968,1.0493240061964
725,0.75388515,-1.415916,0.744534043944133,-1.3930437835087515
726,1.01628,-2.3169534,1.0159465423134078,-2.301749248033745
727,0.412224,-1.9071882,0.42896934594430625,-1.938917594492947
728,0.22021124,1.4108601,0.2096860010363356,1.3540994770708097
729,0.7018648,3.0677867,0.7036686776876573,3.1259735812332563
730,0.7549872,1.9592162,0.7593444876259746,1.9748679885619702
731,0.8502011,-2.1913853,0.8596943003220787,-2.188818725961802
732,0.5436855,2.3034813,0.5509448727175809,2.3333902389864205
733,1.6906934,-1.8539941,1.7100379469464582,-1.8650230591954735
734,1.2377654,0.8221082,1.237808995860487,0.8218003040956819
735,0.92483556,-1.3117406,0.9299348464028195,-1.3039587553185354
736,0.7398223,-1.0776734,0.7503495026615327,-1.0867794601355634
737,1.0135177,1.4623587,1.0076918727812243,1.4575890058164016
738,0.34614202,-3.0062475,0.3400873069949303,-3.1061226528352353
739,0.1273503,0.6471899,0.11822745968633407,0.4195363339911958
740,1.4742063,2.0685263,1.4637680498299068,2.071897068109994
741,0.48047566,2.1561513,0.47671970724547774,2.163786779531683
742,0.6571069,-1.2985711,0.6687209903513108,-1.31189448886182
743,0.93753374,2.2795236,0.9321664796825966,2.3216476265123993
744,0.5390356,-2.261159,0.5564316949594087,-2.2894466075941393
745,0.24706447,2.7643342,0.2285931489658295,2.8753634739250713
746,1.3248109,-1.7061877,1.3152963789262049,-1.6976107594849854
747,0.6576543,-0.7435198,0.6659227948265158,-0.7630101252358235
748,1.5955544,1.9018011,1.583428432147408,1.9041104294624158
749,0.56004083,1.6435145,0.567108399918497,1.6939603360765725
750,1.0597522,1.1092918,1.0597516096681645,1.1145982058624442
751,1.2712877,-0.8198599,1.2728614989614,-0.8142835857102013
752,0.8003399,2.4448195,0.8062221943110965,2.4397370309921547
753,0.22713384,1.6888251,0.22997711903801757,1.828210087596623
754,1.1515528,2.3032603,1.1501685806866895,2.2967394457216233
755,0.7368926,0.8035077,0.7423519919658097,0.8307213128694075
756,0.26566285,-0.6784522,0.27403659105361267,-0.7977660095375632
757,1.188485,-1.4575977,1.1748425671639717,-1.4716432675127686
758,0.8605451,2.846502,0.8411374299781265,2.8089199580627002
759,0.38077056,-0.11408599,0.3822257347257464,-0.16532080032345153
760,0.6437867,2.5532746,0.6393427690228292,2.516000324809512
761,0.87352836,1.7938306,0.8731080821236885,1.788082294452925
762,0.38013324,0.71237934,0.37922682753057974,0.6723328956477498
763,1.8520368,-1.449261,1.8476977195365913,-1.4390037346337372
764,0.14390612,-1.5034369,0.16813414967714557,-1.7612570786248785
765,0.1405603,-2.405477,0.12694986459261595,-2.081305348748754
766,0.9710722,-2.0539858,0.968789204297621,-2.0663372369502753
767,1.1463552,0.7018844,1.1521042007949007,0.7085646589790111
768,1.698022,-1.862773,1.7079455017803695,-1.8693113637772905
769,0.5683937,1.9210491,0.5745126021407773,1.9096956915758185
770,1.4317156,-1.4043769,1.4338582837388802,-1.3997816515493366
771,0.87858826,-0.038696364,0.8870259080410225,-0.007105165157011346
772,1.3266916,-1.5667778,1.3295896221291426,-1.564521210668316
773,0.50298744,-2.2336977,0.5091862362872556,-2.2192084793185822
774,0.59442633,-1.591602,0.6107576553212064,-1.6277929364770758
775,0.7557656,-1.567796,0.7685415723331902,-1.5894637132473426
776,0.5764754,-1.351928,0.5792398379688992,-1.3561770310368901
777,1.3350773,-1.092632,1.3284305136243004,-1.0883569743625974
778,1.5525457,1.1387764,1.5439896378901812,1.130714826406948
779,0.61683756,-2.3167367,0.6141909643236284,-2.2809446504185438
780,0.7157927,1.7717505,0.7176659774487202,1.7656978911082322
781,0.30921793,0.9016869,0.3062317310080491,1.0322813892014766
782,0.92280483,2.182239,0.925666559815283,2.1760668386961237
783,0.38958275,2.659048,0.4027135615549841,2.7375438207565375
784,0.5610867,0.7543664,0.565271508435262,0.7475875313528243
785,0.96404886,-0.64958453,0.9646688436501871,-0.6490681803727756
786,0.6462851,2.6692955,0.7133156338543443,2.8839457654926974
787,0.28532523,2.1401181,0.3171891196877538,2.1785947616346224
788,0.9026258,1.9650099,0.9059592988455486,1.971205668571576
789,0.9998158,1.373113,1.000812571666048,1.3713230865635175
790,0.69205135,1.9894407,0.6914424164549698,1.9732791695510798
791,0.8307286,2.1502814,0.8241891701137565,2.147829586183087
792,0.34706444,-0.72129697,0.35560080307845826,-0.8021602117188296
793,1.1891729,2.8472106,1.1723014701431966,2.826269818885709
794,1.4086049,-1.6389844,1.3980493726594674,-1.6295147419483103
795,1.2271805,1.4293687,1.2283786712369191,1.4319079868325926
796,0.56912446,-1.2761836,0.5832192965710201,-1.3167302432901653
797,1.1024218,-2.3147192,1.1062461535795267,-2.305984465637013
798,0.6551652,-1.4155152,0.6612393303193431,-1.4353308463834344
799,0.33159238,1.1689799,0.3257311701156159,1.1299533431582525
800,1.6248344,1.5285729,1.619354491643967,1.527897207172494
801,0.16088521,1.3991638,0.1478268592000735,1.4734154639643522
802,0.41085297,1.7200239,0.4054818437622669,1.723330913028054
803,1.3496206,-0.94733685,1.344534148336837,-0.9433869031832239
804,1.5915463,-2.2772415,1.5910528782607671,-2.276377563515604
805,1.3482572,2.1715922,1.3451159988047885,2.174764519907467
806,0.7248913,-1.7788157,0.7365611263793039,-1.7490721838307417
807,1.4796796,-1.3768524,1.4799772007990732,-1.3737288032452086
808,1.433734,1.506425,1.4193590567644863,1.5255060183221918
809,1.0182556,-1.9206259,1.0138213808253216,-1.903021330380939
810,0.5755824,1.9713434,0.5795643833059462,1.9635482537747044
811,0.8945576,1.0407186,0.9021280284128433,1.0440625034242785
812,1.2976362,-1.4402416,1.3011535039898692,-1.4382819660415245
813,0.8705666,-1.4492034,0.8630888380041098,-1.4337078546388846
814,0.67010224,0.17819142,0.67571986634606,0.19615478581458368
815,1.3999748,-1.7882044,1.3978547569305955,-1.7985770979137101
816,1.7753676,1.7291521,1.7858746126296092,1.8613700478448858
817,1.7285793,-1.173755,1.7634817233488398,-1.2171091429903584
818,0.21954516,0.9989407,0.2104661367646694,0.9103329364104105
819,0.48592937,-0.26275176,0.468959877939533,-0.1949786186229697
820,0.4212982,-1.0611238,0.4207271677541205,-1.0028636836858071
821,0.8535913,1.4517457,0.8520780598861113,1.4541557539627175
822,1.2821722,-1.9561892,1.2741810542084744,-1.9432491093174133
823,1.015407,-0.6955232,1.0206292930956735,-0.6950129858343819
824,0.85448706,-0.3558637,0.8624305099095915,-0.35685273138877266
825,1.045039,-1.1963766,1.0533126673849025,-1.1966595494972971
826,0.4413367,2.47884,0.44068161673527145,2.4686751611292737
827,0.57078606,1.0205731,0.5743869630182502,1.0539949471737928
828,0.77861375,2.4943802,0.7790853229294287,2.494058179943518
829,1.5081196,-1.9144561,1.500994537811652,-1.9077199579597124
830,0.754372,-1.820786,0.744884615049329,-1.8138570522619986
831,0.74317783,-1.3033857,0.7510268805680436,-1.3014158908864033
832,0.9323638,2.9671903,0.9118917151643235,2.9332289752059655
833,0.7194198,1.7545997,0.7283508169398561,1.7492481000132858
834,0.9251844,-0.12352981,0.9344633867480099,-0.09646177256643321
835,0.5118419,-2.6434178,0.5169569623383101,-2.6303795596606223
836,0.92387146,-0.0825685,0.9337785961689317,-0.12237094521099764
837,0.96700704,1.4777225,0.963797076288426,1.4953827987136774
838,1.128408,-1.3712906,1.1251363899440319,-1.3721279086485392
839,1.2051198,1.8922853,1.1902360442461908,1.8963262454884215
840,0.14341715,-2.8214045,0.12854171343658324,-2.925290770444499
841,0.21654555,-0.35631722,0.21455662919906435,-0.43107330230516633
842,0.66715896,-0.50578713,0.6740327887522518,-0.5058065359578732
843,0.4720087,-3.0440829,0.4499926998986053,-3.040034184176186
844,0.702083,-0.10875961,0.7054862751385179,-0.13255186154912463
845,0.8383265,0.75147945,0.8359333336770072,0.7096416582715173
846,0.94286,-1.6809082,0.9511106734771874,-1.6817923104229708
847,0.6135364,0.14645071,0.6085185414803487,0.09072847779422154
848,1.8769716,1.5805929,1.8749995795966725,1.6033156206132564
849,0.73452437,-3.0515416,0.7301020764192393,-3.0692686703974257
850,0.93760294,-1.4207283,0.9385503163439493,-1.4098342932198158
851,1.8374456,-2.017579,1.862074098276482,-2.0299952238657433
852,0.4352627,-1.9037709,0.4561091080278539,-1.9627312443311296
853,1.3415952,1.8146551,1.3355614105563463,1.816853146629766
854,0.75597084,2.231658,0.7584901734348645,2.215205983611103
855,0.55752504,2.854786,0.5492401183944683,2.8399966718042826
856,0.26381597,0.23548387,0.2545279823539392,0.3685597601159211
857,2.0398617,1.744621,2.0603886827024116,1.844208538112387
858,1.2718228,-1.0526527,1.2662739498694298,-1.0496625127851917
859,0.19073915,0.8907812,0.1847276007332564,0.7384399361075498
860,0.53519577,1.3278699,0.5347797770320486,1.3151521923915455
861,0.2843137,-0.3724653,0.2813735829317574,-0.39517620222131833
862,0.15577722,-0.28994286,0.1470116250975511,0.012411606643885197
863,1.3444918,-1.9584279,1.34437093460644,-1.962269866296781
864,0.9173066,-1.184432,0.9229128968051518,-1.1961387616545853
865,0.33939704,-1.1803087,0.33924363154238835,-1.1312139799100032
866,2.0342848,-1.7373149,2.048424525449214,-1.7310384147444493
867,1.2544852,-1.6778831,1.2477423401906969,-1.6855438416695245
868,0.71077275,-2.4799485,0.709500657801504,-2.4413423042049502
869,1.0895182,1.1317388,1.095567378600809,1.1348809355100429
870,0.33042663,-1.7968777,0.3421378024187147,-1.8454300914734587
871,0.39146066,-1.8301686,0.4016940772898857,-1.859730766944054
872,1.6559834,1.2144477,1.6530540063955563,1.2114274436551336
873,0.6799913,-2.979072,0.6857634219387089,-3.0109378852539908
874,0.9310414,-1.185048,0.9199103778477951,-1.1670642837194287
875,0.71546996,0.5274919,0.7157571348042834,0.5549808923833919
876,0.7557358,1.1274679,0.7567217784460445,1.1529945701367925
877,0.35628927,0.34421843,0.34765985466179744,0.3961311747180287
878,1.7023588,-1.4267579,1.7057918848992175,-1.4230018538948572
879,1.622647,1.5389559,1.6197122464996527,1.536483033417419
880,0.9075917,3.0288544,0.9050866792517095,3.0101511226718887
881,1.460105,-1.5852581,1.4493819505200178,-1.5774191144510845
882,1.192678,2.3294797,1.1887924357880362,2.3206670780749166
883,1.4798954,-1.2713695,1.4798341922282234,-1.2719765894121289
884,0.3050965,-1.4027274,0.3154784578459662,-1.4435297695842548
885,0.65774804,1.9188709,0.6744861512626781,1.9652616613437406
886,1.4659847,-1.2944853,1.4655747650991944,-1.2890766177587756
887,0.49167252,0.26337776,0.489038116941367,0.29356202187072244
888,1.5095756,-1.218043,1.508838365403911,-1.2110048520328414
889,0.5279472,1.0951453,0.5246258135673607,1.0734774921351455
890,0.623863,-1.7418967,0.6256849520435689,-1.6994457986697402
891,0.2772581,2.9059522,0.24663160728300482,2.9950138273515896
892,0.21308443,-2.902995,0.2021891696027036,-2.9966716736318486
893,0.6217134,2.8231635,0.6183521508578878,2.869374221537088
894,1.804654,-1.2854506,1.8329188035063224,-1.312043790243386
895,0.25516877,1.1314083,0.2558723297403117,1.3115312891995363
896,1.9389951,1.2904193,1.9511535303832086,1.2848987317688576
897,0.21767592,1.2810662,0.2100934467404193,1.4150299204210675
898,1.5705626,1.3297843,1.5713220320789916,1.3850660214819726
899,0.6488958,-1.7448664,0.6545975687278901,-1.7316911161742579
900,1.4621192,2.073029,1.4460704430064948,2.082648883036663
901,1.3355639,-1.8957713,1.3351418304437854,-1.8930900517147768
902,1.0697687,1.5557992,1.0664940838714851,1.5591847765121696
903,1.6245272,1.6474024,1.6122151821110353,1.6578182005449418
904,0.8243395,-2.5519586,0.8278789595676882,-2.5334211866521397
905,2.1404288,-2.0351276,2.1813257214040327,-2.0413668555202515
906,0.34296924,-2.120107,0.34115078702867346,-2.0685140480615978
907,0.83357775,-0.8988575,0.8431811253950547,-0.9014769029584921
908,2.1958075,1.4793481,2.24579909175239,1.4848911814054715
909,0.37206185,0.97939295,0.36476011651719337,0.9897293609571223
910,0.29467368,-0.89989513,0.29505773344548425,-0.9037019960448245
911,1.3069578,-1.8522633,1.3085678343503597,-1.8487676572189176
912,0.9782392,0.36436146,0.9869647705992055,0.36749545857388455
913,0.55167687,0.6782686,0.5436835580581628,0.6298286164203304
914,0.36616462,-1.3683703,0.378389502427043,-1.4087933972037139
915,0.70241797,1.5677793,0.7027967147695929,1.5585517139137022
916,1.3031039,-1.9597344,1.3029589293296178,-1.9593088232141789
917,0.571329,-1.4581087,0.5865026770683882,-1.5005536068868663
918,0.8699645,-0.719569,0.8798250822799459,-0.729523390088349
919,2.3270218,1.7857832,2.424086575452031,1.8909642483113254
920,0.31200027,2.1668231,0.3186803181039837,2.255053383374903
921,0.65928614,-1.8954523,0.674308967517924,-1.9214660278757132
922,0.8958804,1.6386173,0.9087150615515052,1.7039455063041622
923,1.107315,-0.3991152,1.1208731026691698,-0.422364231010278
924,0.68930376,1.4176939,0.6935242299423086,1.4207111847330203
925,0.46051538,-2.3462284,0.4636259699711625,-2.317037080219785
926,0.6120611,1.4040837,0.6118896107171804,1.438340506760236
927,0.4051904,2.87169,0.39581496858572374,2.9756515007527176
928,0.6629078,0.22103341,0.6618379134559879,0.22873343557908163
929,1.4633299,1.5446433,1.4524827127615636,1.5986008144779715
930,0.99532294,-1.8597841,0.987851754675606,-1.8724338282395356
931,0.7930091,-1.1556953,0.8039856235130157,-1.1678380372585595
932,1.6724358,-1.8860341,1.6652607605762648,-1.8777551781838397
933,1.3154448,-1.2465318,1.31738442859284,-1.2383145264246334
934,1.2529444,1.0308172,1.2556181864587193,1.0117096268072105
935,1.8663208,1.8891892,1.8819036109811937,2.043291824009458
936,1.0655912,-2.0492291,1.0629744983011464,-2.0420358548381543
937,0.3843646,2.1980195,0.3841801055658447,2.158328456780511
938,0.3893135,2.8603547,0.3811096811088043,2.9693972608506436
939,1.3324943,-1.5988694,1.3383938236730186,-1.5985020701952957
940,1.5341891,1.1895608,1.5385693269713032,1.1970088336481726
941,0.5809686,-0.68756086,0.5889717023245665,-0.7134967538735983
942,1.112911,1.2080649,1.1113394670849,1.2081951904147958
943,1.0391932,-1.0743136,1.047463470852938,-1.0778450791350669
944,1.5779753,1.81376,1.564742040916869,1.814379534221958
945,0.8568484,2.2881176,0.8575566581981355,2.281875708425668
946,0.6986059,1.1000081,0.6957239209882861,1.0721583947402207
947,0.806355,2.7485502,0.9372583206908411,3.080681849430905
948,1.230591,-2.305149,1.242850680225526,-2.298994853393279
949,0.78063905,1.4604074,0.7851552446730284,1.4555954116688505
950,0.26740503,2.7485328,0.25395790810859387,2.7606064062637987
951,1.9683845,-1.7185277,1.9971377884657602,-1.7285794906373793
952,1.4910475,1.5987843,1.4898071187580944,1.6000209764059825
953,1.9562149,1.9580063,1.9721953646490546,1.9846553608653386
954,0.48068452,1.9806383,0.47692537270463614,1.98226224820886
955,0.15998507,0.019798994,0.14986281957629843,0.07960940942077946
956,0.8604162,1.8852112,0.888671802178813,1.9927282704808111
957,0.42304665,-0.2743525,0.4191018523560962,-0.2298560175549358
958,1.0066178,-2.0973158,1.0175220298145713,-2.0768284639221815
959,1.0894307,-1.8485944,1.0831936192824754,-1.8721267760694704
960,0.95199597,1.8763821,0.9687574662530731,1.9715976808478717
961,1.5098785,-1.322103,1.5067169481136924,-1.3195067085592782
962,0.31749284,-0.7370836,0.32528618584585367,-0.825719137117322
963,0.2794452,-2.0990891,0.2705725764183226,-1.983575487539825
964,0.251678,1.2673448,0.24367910378445656,1.2708295151239262
965,0.16350862,-2.1249547,0.18501555585739127,-2.335063131006142
966,0.75980914,3.04397,0.7629263197217013,3.0975237686910426
967,0.88439345,2.1936045,0.8842126703372483,2.1785172780589135
968,0.14890313,1.8928688,0.15317068902132294,2.212302230485301
969,1.882002,1.1432354,1.8923912718995652,1.1224274396536997
970,1.4630318,-1.3842653,1.4537113987578538,-1.3782388729060526
971,0.53468657,1.7134862,0.5430214446749339,1.7534586050569143
972,0.74495506,1.9939312,0.7434321156752276,1.990397617837832
973,1.911891,-1.4874701,1.9154338013096284,-1.4829639104956753
974,0.7960296,-1.4992553,0.807410810088582,-1.5191771788483366
975,1.6413172,1.5866278,1.6288696473336501,1.5990424078372552
976,0.8085985,-0.44294286,0.8148876027553811,-0.43499341812273734
977,0.74227744,2.7152178,0.7262687493747504,2.6812462875183165
978,1.4945935,-1.776053,1.49759492770564,-1.8219126891575288
979,0.8992439,-1.500569,0.8974537471312715,-1.4811227890564354
980,1.1720507,-1.0422575,1.1704268251570173,-1.042414959445385
981,0.33942544,-1.6033906,0.36011766368398457,-1.7005850233544453
982,0.23275661,-0.047236368,0.2253824301169611,-0.044456423198210915
983,0.33784723,-1.8345594,0.3410918886199049,-1.7270237542506357
984,1.5634725,2.0139148,1.5562779741492287,2.023458892424377
985,2.0646503,-1.5035505,2.096937225732426,-1.5230054014905652
986,1.5093849,-1.0610878,1.5118755919635045,-1.0498984000795288
987,1.1745602,1.0066907,1.1778775511730477,1.0089026760710578
988,0.3223927,-2.1765976,0.33165837194304776,-2.20090796495051
989,0.6571459,1.2089927,0.6549259879859604,1.1843077430558457
990,0.91086614,-2.41867,0.9225490851015774,-2.3912019214262132
991,0.48655015,1.897074,0.4892744213094244,1.881646701951187
992,0.71561843,-1.6765004,0.725368435539347,-1.6987963241720818
993,0.9059301,-1.8015001,0.9120339139338581,-1.8114070029464249
994,0.6148157,-0.39416617,0.617850053060748,-0.3734614984458351
995,0.5576719,-2.049715,0.5673401721627072,-2.062388955843454
996,1.5392632,-1.7558291,1.53428765446363,-1.7502088772781152
997,0.086671226,1.2224131,0.07163686773008938,0.9851692029435275
998,0.55922145,-0.2456461,0.5599218484579995,-0.22803745988329324
999,1.1741494,0.67817795,1.1896637691137955,0.7112146957364518
